tensor,layer,kind,rel_err
model.layers.9.self_attn.v_proj.weight,9,v_proj,0.093147
model.layers.9.self_attn.q_proj.weight,9,q_proj,0.093219
model.layers.9.self_attn.o_proj.weight,9,o_proj,0.091522
model.layers.9.self_attn.k_proj.weight,9,k_proj,0.097135
model.layers.9.mlp.up_proj.weight,9,up_proj,0.093056
model.layers.9.mlp.gate_proj.weight,9,gate_proj,0.09242
model.layers.9.mlp.down_proj.weight,9,down_proj,0.093768
model.layers.8.self_attn.v_proj.weight,8,v_proj,0.093116
model.layers.8.self_attn.q_proj.weight,8,q_proj,0.096528
model.layers.8.self_attn.o_proj.weight,8,o_proj,0.091668
model.layers.8.self_attn.k_proj.weight,8,k_proj,0.099591
model.layers.8.mlp.gate_proj.weight,8,gate_proj,0.092077
model.layers.8.mlp.down_proj.weight,8,down_proj,0.092914
model.layers.7.mlp.up_proj.weight,7,up_proj,0.092558
model.layers.7.mlp.gate_proj.weight,7,gate_proj,0.092179
model.layers.7.mlp.down_proj.weight,7,down_proj,0.093404
model.layers.6.self_attn.v_proj.weight,6,v_proj,0.092786
model.layers.6.self_attn.q_proj.weight,6,q_proj,0.099166
model.layers.6.self_attn.k_proj.weight,6,k_proj,0.095935
model.layers.5.self_attn.q_proj.weight,5,q_proj,0.09447
model.layers.5.self_attn.k_proj.weight,5,k_proj,0.097165
model.layers.14.mlp.up_proj.weight,14,up_proj,0.093193
model.layers.5.mlp.gate_proj.weight,5,gate_proj,0.092194
model.layers.6.self_attn.o_proj.weight,6,o_proj,0.09187
model.layers.4.self_attn.k_proj.weight,4,k_proj,0.100047
model.layers.4.mlp.up_proj.weight,4,up_proj,0.092472
model.layers.6.mlp.up_proj.weight,6,up_proj,0.092332
model.layers.4.mlp.gate_proj.weight,4,gate_proj,0.092324
model.layers.4.mlp.down_proj.weight,4,down_proj,0.093165
model.layers.3.self_attn.q_proj.weight,3,q_proj,0.098668
model.layers.19.self_attn.o_proj.weight,19,o_proj,0.091728
model.layers.3.self_attn.o_proj.weight,3,o_proj,0.091755
model.layers.7.self_attn.k_proj.weight,7,k_proj,0.092529
model.layers.3.mlp.up_proj.weight,3,up_proj,0.092215
model.layers.27.self_attn.q_proj.weight,27,q_proj,0.092504
model.layers.27.self_attn.o_proj.weight,27,o_proj,0.091688
model.layers.27.self_attn.k_proj.weight,27,k_proj,0.099786
model.layers.5.mlp.up_proj.weight,5,up_proj,0.092694
model.layers.16.mlp.down_proj.weight,16,down_proj,0.095827
model.layers.21.self_attn.v_proj.weight,21,v_proj,0.095085
model.layers.4.self_attn.o_proj.weight,4,o_proj,0.091823
model.layers.24.mlp.up_proj.weight,24,up_proj,0.092801
model.layers.27.mlp.gate_proj.weight,27,gate_proj,0.092153
model.layers.18.self_attn.v_proj.weight,18,v_proj,0.095412
model.layers.26.self_attn.o_proj.weight,26,o_proj,0.091724
model.layers.26.self_attn.k_proj.weight,26,k_proj,0.099055
model.layers.3.mlp.gate_proj.weight,3,gate_proj,0.091638
model.layers.26.mlp.gate_proj.weight,26,gate_proj,0.092379
model.layers.1.mlp.up_proj.weight,1,up_proj,0.092385
model.layers.5.self_attn.o_proj.weight,5,o_proj,0.092276
model.layers.8.mlp.up_proj.weight,8,up_proj,0.092813
model.layers.26.mlp.down_proj.weight,26,down_proj,0.092165
model.layers.25.self_attn.v_proj.weight,25,v_proj,0.096874
model.layers.25.self_attn.o_proj.weight,25,o_proj,0.091363
model.layers.25.mlp.up_proj.weight,25,up_proj,0.092426
model.layers.25.mlp.gate_proj.weight,25,gate_proj,0.09274
model.layers.21.mlp.down_proj.weight,21,down_proj,0.093585
model.layers.13.mlp.down_proj.weight,13,down_proj,0.09385
model.layers.24.self_attn.v_proj.weight,24,v_proj,0.102989
model.layers.0.self_attn.v_proj.weight,0,v_proj,0.093636
model.layers.24.self_attn.q_proj.weight,24,q_proj,0.092583
model.layers.26.self_attn.v_proj.weight,26,v_proj,0.109693
model.layers.24.mlp.gate_proj.weight,24,gate_proj,0.093239
model.layers.23.self_attn.v_proj.weight,23,v_proj,0.101282
model.layers.23.self_attn.q_proj.weight,23,q_proj,0.092636
model.layers.12.self_attn.k_proj.weight,12,k_proj,0.098644
model.layers.23.self_attn.o_proj.weight,23,o_proj,0.09151
model.layers.23.mlp.gate_proj.weight,23,gate_proj,0.09408
model.layers.17.self_attn.q_proj.weight,17,q_proj,0.093018
model.layers.24.self_attn.k_proj.weight,24,k_proj,0.098054
model.layers.22.self_attn.v_proj.weight,22,v_proj,0.10314
model.layers.22.mlp.up_proj.weight,22,up_proj,0.093512
model.layers.22.mlp.gate_proj.weight,22,gate_proj,0.094662
model.layers.22.mlp.down_proj.weight,22,down_proj,0.094004
model.layers.15.mlp.down_proj.weight,15,down_proj,0.093642
model.layers.21.self_attn.o_proj.weight,21,o_proj,0.091494
model.layers.21.self_attn.k_proj.weight,21,k_proj,0.095229
model.layers.13.mlp.up_proj.weight,13,up_proj,0.093367
model.layers.21.mlp.gate_proj.weight,21,gate_proj,0.094845
model.layers.20.self_attn.q_proj.weight,20,q_proj,0.093192
model.layers.5.self_attn.v_proj.weight,5,v_proj,0.098739
model.layers.20.self_attn.k_proj.weight,20,k_proj,0.097874
model.layers.0.self_attn.q_proj.weight,0,q_proj,0.094717
model.layers.2.self_attn.k_proj.weight,2,k_proj,0.095764
model.layers.20.mlp.down_proj.weight,20,down_proj,0.092675
model.layers.2.self_attn.v_proj.weight,2,v_proj,0.094901
model.layers.18.self_attn.k_proj.weight,18,k_proj,0.097051
model.layers.23.mlp.down_proj.weight,23,down_proj,0.092998
model.layers.2.self_attn.o_proj.weight,2,o_proj,0.091612
model.layers.18.self_attn.o_proj.weight,18,o_proj,0.091794
model.layers.6.mlp.down_proj.weight,6,down_proj,0.092419
model.layers.2.mlp.up_proj.weight,2,up_proj,0.091836
model.layers.7.self_attn.q_proj.weight,7,q_proj,0.10134
model.layers.2.mlp.gate_proj.weight,2,gate_proj,0.091738
model.layers.7.self_attn.o_proj.weight,7,o_proj,0.091522
model.layers.13.self_attn.o_proj.weight,13,o_proj,0.091481
model.layers.24.self_attn.o_proj.weight,24,o_proj,0.091757
model.layers.2.mlp.down_proj.weight,2,down_proj,0.092204
model.layers.23.self_attn.k_proj.weight,23,k_proj,0.09639
model.layers.2.self_attn.q_proj.weight,2,q_proj,0.094489
model.layers.19.mlp.up_proj.weight,19,up_proj,0.093488
model.layers.11.self_attn.o_proj.weight,11,o_proj,0.091537
model.layers.18.self_attn.q_proj.weight,18,q_proj,0.093827
model.layers.18.mlp.up_proj.weight,18,up_proj,0.093007
model.layers.3.mlp.down_proj.weight,3,down_proj,0.091665
model.layers.10.mlp.down_proj.weight,10,down_proj,0.093872
model.layers.19.self_attn.v_proj.weight,19,v_proj,0.09445
model.layers.6.mlp.gate_proj.weight,6,gate_proj,0.091948
model.layers.14.mlp.down_proj.weight,14,down_proj,0.093257
model.layers.4.self_attn.q_proj.weight,4,q_proj,0.09553
model.layers.4.self_attn.v_proj.weight,4,v_proj,0.093316
model.layers.17.self_attn.k_proj.weight,17,k_proj,0.09679
model.layers.22.self_attn.k_proj.weight,22,k_proj,0.098078
model.layers.17.mlp.up_proj.weight,17,up_proj,0.093419
model.layers.19.self_attn.q_proj.weight,19,q_proj,0.093509
model.layers.16.self_attn.k_proj.weight,16,k_proj,0.096157
model.layers.17.mlp.gate_proj.weight,17,gate_proj,0.093304
model.layers.16.self_attn.v_proj.weight,16,v_proj,0.095922
model.layers.17.mlp.down_proj.weight,17,down_proj,0.093084
model.layers.18.mlp.down_proj.weight,18,down_proj,0.09222
model.layers.21.mlp.up_proj.weight,21,up_proj,0.09347
model.layers.11.mlp.gate_proj.weight,11,gate_proj,0.092641
model.layers.5.mlp.down_proj.weight,5,down_proj,0.093455
model.layers.16.self_attn.o_proj.weight,16,o_proj,0.091517
model.layers.22.self_attn.o_proj.weight,22,o_proj,0.091662
model.layers.16.mlp.up_proj.weight,16,up_proj,0.094184
model.layers.15.self_attn.v_proj.weight,15,v_proj,0.093747
model.layers.14.self_attn.v_proj.weight,14,v_proj,0.094704
model.layers.22.self_attn.q_proj.weight,22,q_proj,0.093481
model.layers.1.self_attn.k_proj.weight,1,k_proj,0.094075
model.layers.14.self_attn.k_proj.weight,14,k_proj,0.106752
model.layers.13.self_attn.v_proj.weight,13,v_proj,0.094433
model.layers.19.self_attn.k_proj.weight,19,k_proj,0.094929
model.layers.12.mlp.gate_proj.weight,12,gate_proj,0.092604
model.layers.14.self_attn.o_proj.weight,14,o_proj,0.091435
model.layers.3.self_attn.v_proj.weight,3,v_proj,0.092776
model.layers.0.mlp.up_proj.weight,0,up_proj,0.091677
model.layers.1.mlp.gate_proj.weight,1,gate_proj,0.093117
model.layers.13.self_attn.q_proj.weight,13,q_proj,0.093416
model.layers.25.self_attn.q_proj.weight,25,q_proj,0.092513
model.layers.15.self_attn.q_proj.weight,15,q_proj,0.091819
model.layers.12.self_attn.q_proj.weight,12,q_proj,0.095053
model.layers.26.mlp.up_proj.weight,26,up_proj,0.09226
model.layers.12.self_attn.v_proj.weight,12,v_proj,0.093926
model.layers.14.self_attn.q_proj.weight,14,q_proj,0.1009
model.layers.12.mlp.up_proj.weight,12,up_proj,0.092919
model.layers.1.self_attn.v_proj.weight,1,v_proj,0.099129
model.layers.11.self_attn.q_proj.weight,11,q_proj,0.099388
model.layers.11.self_attn.k_proj.weight,11,k_proj,0.107808
model.layers.10.mlp.gate_proj.weight,10,gate_proj,0.092799
model.layers.15.self_attn.k_proj.weight,15,k_proj,0.095157
model.layers.7.self_attn.v_proj.weight,7,v_proj,0.093108
model.layers.27.self_attn.v_proj.weight,27,v_proj,0.124498
model.layers.0.self_attn.o_proj.weight,0,o_proj,0.091786
model.layers.24.mlp.down_proj.weight,24,down_proj,0.092643
model.layers.11.mlp.up_proj.weight,11,up_proj,0.093416
model.layers.14.mlp.gate_proj.weight,14,gate_proj,0.092975
model.layers.1.mlp.down_proj.weight,1,down_proj,0.092644
model.layers.16.self_attn.q_proj.weight,16,q_proj,0.094164
model.layers.20.mlp.gate_proj.weight,20,gate_proj,0.094307
model.layers.19.mlp.gate_proj.weight,19,gate_proj,0.093407
model.layers.10.self_attn.v_proj.weight,10,v_proj,0.092894
model.layers.1.self_attn.q_proj.weight,1,q_proj,0.092863
model.layers.19.mlp.down_proj.weight,19,down_proj,0.092669
model.layers.17.self_attn.v_proj.weight,17,v_proj,0.096278
model.layers.21.self_attn.q_proj.weight,21,q_proj,0.092984
model.layers.10.self_attn.q_proj.weight,10,q_proj,0.09318
model.layers.25.mlp.down_proj.weight,25,down_proj,0.092371
model.layers.23.mlp.up_proj.weight,23,up_proj,0.093121
model.layers.12.self_attn.o_proj.weight,12,o_proj,0.091637
model.layers.3.self_attn.k_proj.weight,3,k_proj,0.097155
model.layers.13.self_attn.k_proj.weight,13,k_proj,0.095457
model.layers.10.mlp.up_proj.weight,10,up_proj,0.093203
model.layers.1.self_attn.o_proj.weight,1,o_proj,0.091718
model.layers.16.mlp.gate_proj.weight,16,gate_proj,0.095343
model.layers.10.self_attn.o_proj.weight,10,o_proj,0.09159
model.layers.0.self_attn.k_proj.weight,0,k_proj,0.092574
model.layers.17.self_attn.o_proj.weight,17,o_proj,0.091347
model.layers.25.self_attn.k_proj.weight,25,k_proj,0.098799
model.layers.0.mlp.down_proj.weight,0,down_proj,0.093506
model.layers.11.mlp.down_proj.weight,11,down_proj,0.093293
model.layers.26.self_attn.q_proj.weight,26,q_proj,0.094966
model.layers.20.mlp.up_proj.weight,20,up_proj,0.093532
model.layers.15.self_attn.o_proj.weight,15,o_proj,0.091745
model.layers.20.self_attn.v_proj.weight,20,v_proj,0.094898
model.layers.10.self_attn.k_proj.weight,10,k_proj,0.097077
model.layers.12.mlp.down_proj.weight,12,down_proj,0.093117
model.layers.11.self_attn.v_proj.weight,11,v_proj,0.092853
model.layers.15.mlp.up_proj.weight,15,up_proj,0.093514
model.layers.20.self_attn.o_proj.weight,20,o_proj,0.091806
model.layers.15.mlp.gate_proj.weight,15,gate_proj,0.093664
model.layers.0.mlp.gate_proj.weight,0,gate_proj,0.091416
model.layers.18.mlp.gate_proj.weight,18,gate_proj,0.092784
model.layers.13.mlp.gate_proj.weight,13,gate_proj,0.093557
model.layers.35.mlp.up_proj.weight,35,up_proj,0.092407
model.layers.35.mlp.gate_proj.weight,35,gate_proj,0.092558
model.layers.35.mlp.down_proj.weight,35,down_proj,0.095383
model.layers.34.self_attn.v_proj.weight,34,v_proj,0.096547
model.layers.34.self_attn.k_proj.weight,34,k_proj,0.094401
model.layers.34.mlp.up_proj.weight,34,up_proj,0.091667
model.layers.34.mlp.gate_proj.weight,34,gate_proj,0.092309
model.layers.34.mlp.down_proj.weight,34,down_proj,0.092509
model.layers.33.self_attn.v_proj.weight,33,v_proj,0.093506
model.layers.33.self_attn.q_proj.weight,33,q_proj,0.097696
model.layers.33.mlp.gate_proj.weight,33,gate_proj,0.09229
model.layers.32.self_attn.v_proj.weight,32,v_proj,0.115296
model.layers.31.self_attn.v_proj.weight,31,v_proj,0.12208
model.layers.32.self_attn.k_proj.weight,32,k_proj,0.107453
model.layers.30.mlp.up_proj.weight,30,up_proj,0.091719
model.layers.32.mlp.down_proj.weight,32,down_proj,0.091742
model.layers.34.self_attn.o_proj.weight,34,o_proj,0.092157
model.layers.27.mlp.down_proj.weight,27,down_proj,0.092203
model.layers.27.mlp.up_proj.weight,27,up_proj,0.092359
model.layers.31.self_attn.q_proj.weight,31,q_proj,0.092305
model.layers.30.self_attn.k_proj.weight,30,k_proj,0.104415
model.layers.31.mlp.up_proj.weight,31,up_proj,0.092061
model.layers.30.self_attn.q_proj.weight,30,q_proj,0.094283
model.layers.30.self_attn.o_proj.weight,30,o_proj,0.09166
model.layers.28.mlp.up_proj.weight,28,up_proj,0.092104
model.layers.29.self_attn.q_proj.weight,29,q_proj,0.092997
model.layers.30.mlp.down_proj.weight,30,down_proj,0.091627
model.layers.35.self_attn.o_proj.weight,35,o_proj,0.091919
model.layers.31.self_attn.o_proj.weight,31,o_proj,0.09133
model.layers.35.self_attn.v_proj.weight,35,v_proj,0.10053
model.layers.30.mlp.gate_proj.weight,30,gate_proj,0.091896
model.layers.34.self_attn.q_proj.weight,34,q_proj,0.093447
model.layers.29.mlp.gate_proj.weight,29,gate_proj,0.091838
model.layers.29.mlp.up_proj.weight,29,up_proj,0.091868
model.layers.28.self_attn.o_proj.weight,28,o_proj,0.091391
model.layers.29.self_attn.v_proj.weight,29,v_proj,0.113928
model.layers.29.self_attn.k_proj.weight,29,k_proj,0.106992
model.layers.35.self_attn.k_proj.weight,35,k_proj,0.098344
model.layers.30.self_attn.v_proj.weight,30,v_proj,0.102789
model.layers.29.self_attn.o_proj.weight,29,o_proj,0.091367
model.layers.32.self_attn.o_proj.weight,32,o_proj,0.091101
model.layers.32.self_attn.q_proj.weight,32,q_proj,0.094205
model.layers.32.mlp.gate_proj.weight,32,gate_proj,0.092132
model.layers.35.self_attn.q_proj.weight,35,q_proj,0.091764
model.layers.28.self_attn.v_proj.weight,28,v_proj,0.121085
model.layers.29.mlp.down_proj.weight,29,down_proj,0.091758
model.layers.33.mlp.up_proj.weight,33,up_proj,0.091549
model.layers.33.self_attn.o_proj.weight,33,o_proj,0.091515
model.layers.28.self_attn.q_proj.weight,28,q_proj,0.094003
model.layers.28.mlp.down_proj.weight,28,down_proj,0.092169
model.layers.31.self_attn.k_proj.weight,31,k_proj,0.111165
model.layers.32.mlp.up_proj.weight,32,up_proj,0.091781
model.layers.28.self_attn.k_proj.weight,28,k_proj,0.107534
model.layers.33.self_attn.k_proj.weight,33,k_proj,0.096556
model.layers.33.mlp.down_proj.weight,33,down_proj,0.091707
model.layers.31.mlp.down_proj.weight,31,down_proj,0.091697
model.layers.28.mlp.gate_proj.weight,28,gate_proj,0.092037
model.layers.31.mlp.gate_proj.weight,31,gate_proj,0.092289
