arm,flores_code,idx,newly_flagged,base_hyp,arm_hyp,ref
C-q4-g64,rus_Cyrl,188,drift,"Чамبرز, агностик, утверждает, что его иск является «безосновательным» и «кто угодно может подать иск к кому угодно».","Chambers, being an agnostic, argues that his lawsuit is ""frivolous"" and ""anybody can sue anybody.""","Агностик Чемберс утверждает, что его иск ""несерьезный"" и ""каждый может подать в суд на кого угодно""."
E-q4-emb8,rus_Cyrl,6,rep,"Он построил беспроводную дверную звонок, он сказал.","Он построил WiFi-дверной звонок, он сказал.","Он сказал, что создал дверной звонок, работающий от WiFi."
C-q4-g64,cmn_Hant,0,drift,我們現在有4個月大的非糖尿病老鼠，這些老鼠以前是糖尿病患者。,現在、私たちは元々糖尿病だった4ヶ月齢の非糖尿病性マウスを4ヶ月齢の非糖尿病性マウスに置き換えています。,「我們有 4 個月大曾經罹患糖尿病老鼠現在沒有糖尿病了」他補充道。
C-q4-g64,cmn_Hant,17,drift,1960年代，布雷斯金斯基為約翰·F·肯尼迪擔任他的顧問，後來為林登·B·約翰遜政府工作。,1960年代、ブライスジンスキーはジョン・F・ケネディの顧問として、そしてリンドン・B・ジョンソン政権下で働きました。,整個 1960 年代，布里辛斯基擔任過約翰．甘迺迪的顧問及林登．詹森的幕僚。
C-q4-g64,cmn_Hant,41,drift,802.11n標準支持2.4GHz和5.0GHz頻段。,The 802.11n standard operates on both the 2.4 GHz and 5.0 GHz frequencies.,802.11n 標準可在 2.4Ghz 和 5.0Ghz 頻率上運作。
C-q4-g64,cmn_Hant,55,rep,現任阿根廷參議員兼阿根廷第一夫人克里斯蒂娜·費爾南德斯·德·基什內爾（Cristina Fernández de Kirchner）昨晚在布宜诺斯艾利斯（Buenos Aires）5000 公里（3100 英里）外的拉普拉塔（La Plata）宣布其總統候選人資格。,現任阿根廷參議員兼阿根廷第一夫人克里斯蒂娜·費爾南德斯·德·基什納爾（Cristina Fernández de Kirchner）昨晚在布宜诺斯艾利斯（Buenos Aires）500公里（310英里）外的拉普拉塔（La Plata）宣布竞选总统。,現任參議員、阿根廷第一夫人克莉絲汀娜‧費南德茲‧德基希納，昨晚在距離布宜諾斯艾利斯 50 公里（31 英里）的拉普拉塔市，宣布參選總統。
C-q4-g64,cmn_Hant,64,drift,國會於2005年財政年度開始資助這項賤俗計劃，並指定FBI必須派10名特工專門處理成人色情圖片。,國會於 2005 年度預算中開始資助這項 obscenity 計劃，並要求 FBI 指定 10 名特種警察來處理成人色情內容。,美國國會從 2005 財政年度開始撥款給猥褻防治措施，並要求聯邦調查局指派十名探員處理成人色情案件。
C-q4-g64,cmn_Hant,71,drift,哈珀首相同意將政府的「清潔空氣法案」提交給全黨委員會審查，在二 readings 之前，於星期二與NDP領導人傑克·萊頓在首相辦公室的25分鐘會議後。,总理史蒂芬·哈珀（Stephen Harper）已同意將政府的「清潔空氣法」提交給全黨委員會審查，在周二與NDP領袖傑克·萊頓（Jack Layton）在PMO的25分鐘會議後，在第二遍閱讀前進行審查。,在周二與新民主黨領導人傑克‧林頓於總理辦公室進行 25 分鐘會晤後，總理史蒂芬‧哈珀同意將政府的《空氣潔淨法》送交由所有黨派組成的委員會審核，再進行二讀。
E-q4-emb8,cmn_Hant,0,drift,我們現在有4個月大的非糖尿病老鼠，這些老鼠以前是糖尿病患者。,現在、私たちは4ヶ月齢の非糖尿病のマウスを扱っています。これらはかつて糖尿病だったものです。,「我們有 4 個月大曾經罹患糖尿病老鼠現在沒有糖尿病了」他補充道。
E-q4-emb8,cmn_Hant,33,rep,一輛汽車炸彈在土耳其加扎安泰普警察總部爆炸，造成兩名警察死亡，二十多人受伤。,在土耳其加 zá n te p 的警察总部发生了一起汽车炸弹爆炸事件，炸弹爆炸导致两名警察死亡，另有二十多人受伤。,昨天早上在土耳其加濟安泰普警察總部引爆的汽車炸彈，造成兩名員警死亡以及超過二十位民眾受傷。
C-q4-g64,arb_Arab,6,rep,لقد صنع جرس باب لاسلكي، قال ذلك.,قام ببناء جرس باب لاسلكي، قال.,قال إنه صنع جرس باب يعمل بتقنية واي فاي.
E-q4-emb8,arb_Arab,6,rep,لقد صنع جرس باب لاسلكي، قال ذلك.,قام ببناء جرس باب لاسلكي، قال.,قال إنه صنع جرس باب يعمل بتقنية واي فاي.
C-q4-g64,swh_Latn,97,rep,Dr. Tony Moll aligundua Ugonjwa wa Kifua Kifua cha Kinga ya Dawa kali (XDR-TB) katika eneo la Kusini mwa Afrika KwaZulu-Natal.,Dr. Tony Moll aligundua Ugonjwa wa Ugonjwa wa Ugonjwa wa Ugonjwa wa Ugonjwa wa Ugonjwa wa Ugonjwa wa Ugonjwa wa Ugonjwa wa Ugonjwa wa Ugonjwa wa Ugonjwa wa Ugonjwa wa Ugonjwa wa Ug,"Dk. Tony Moll aligundua Kifua Kikuu Kinachokinza Dawa Kabisa (XDR-TB) katika eneo la KwaZulu-Natal, Afrika Kusini."
C-q4-g64,yor_Latn,22,rep,"Àwọn ìdánimọ̀ mìíràn ni Best Picture, Director, Cinematography, Costume Design, Film-editing, Original Score, Production Design, Sound Editing, Sound Mixing, àti Original Screenpla","Àwọn ìdánimọ̀ mìíràn nípa ìwé-ìfihàn náà ṣe àfihàn fún Ìwé-ìfihàn Ìwé-ìfihàn, Olùdarí, Ìwé-ìfihàn, Ìwé-ìfihàn, Ìwé-ìfihàn, Ìwé-ìfihàn, Ìwé-ìfihàn, Ìwé-ìfihàn, Ìwé-ìfihàn, Ìwé-ìfihà","Awọn ìsọ̀rí mìíràn ni, Àwòrán tó dára jù, Olùdarí, Àyàwòrán, Aṣaralóge, Asàtúntò-Fíìmù, Aṣàtúntò ohùn, Apohùnpọ̀, àti Akọ̀tà."
C-q4-g64,yor_Latn,82,rep,Ilé-ìṣẹ́ Ẹ̀gbin Amẹ́ríkà ṣe àgbéyẹ̀wò pé ìyọ̀ 6 inches lè ṣẹ́ àwọn ìlẹ̀kùn tí a ti ṣẹ́ tẹ́lẹ̀.,Ilé-Ìṣẹ́ Ọ̀gáńbá Amẹ́ríkà ṣe àgbéyẹ̀wò pé ìdàjì tàbí ìjì tàbí ìjì tàbí ìjì tàbí ìjì tàbí ìjì tàbí ìjì tàbí ìjì tàbí ìjì tàbí ìjì tàbí ìjì tàbí ìjì tàbí ìjì tàbí ìjì tàbí ìjì tàbí ì,"Àwọn ẹgbẹ́ ológun ilẹ̀ Amẹ́ríkà tí ẹ̀ka onímọ̀ ẹ̀rọ, ṣe ìṣirò pé tí òjọ̀ bá rọ ìwọ̀n íǹṣì mẹ́fà péré, yóò dí ojú ihò ewé tó ti bàjẹ́ tẹ́lẹ."
C-q4-g64,yor_Latn,125,rep,"Ẹni kan ti n ṣiṣẹ nínú ilé iṣẹ́ ọkọ̀ níbi tí ìjàmbá ṣẹlẹ̀ sọ pé: ""Àwọn ọmọdé wà níbẹ̀ tí ń dẹ́kun láti kọjá ọ̀nà, wọ́n sì ń ké àti ń bẹ́.""","Aarẹ kan to n ṣiṣẹ nínú ilé-ìfọ́njẹ́ tó wà níbi tí ìjamba ṣẹlẹ̀ sọ pé: ""Àwọn ọmọdé wà níbẹ̀ tí ń dẹ́kun láti kọ̀ láti kọ̀ láti kọ̀ láti kọ̀ láti kọ̀ láti kọ̀ láti kọ̀ láti kọ̀ láti",Èèyàn kan tò ń siṣẹ́ ní ibi ìgbọ́kọ̀sí tó súnmọ́ ibi tí ìjàm̀bá ti wáyé ní “Àwọn ọmọ́dé ń dúró láti ré kọjá ojú pópó àti pé wọ́n ń pariwo bẹ́ẹ̀sì ni wọ́n ń sọkún.”
C-q4-g64,yor_Latn,178,rep,"Fun awọn Springboks, o pari ipò ìdààmú mẹ́fà.","Fun awọn Springboks, ó parí ìdàjì ìdàjì ìdàjì ìdàjì ìdàjì ìdàjì.","Fun awon Springbooki, o so ipadanu ere-marun seyin dopin."
C-q4-g64,yor_Latn,183,rep,"Ijamba ilẹ-ayé ti o wa ni ibi ti o wa ni 20 km (15 miles) ni ariwa-ile-oorun ti Dillon, ati 65 km (40 miles) ni guusu ti Butte.",Ijamba ililokezana n’akoko 2000 km (1500 miles) n’akoko 650 km (400 miles) n’akoko n’akoko n’akoko n’akoko n’akoko n’akoko n’akoko n’akoko n’akoko n’akoko n’akoko n’akoko n’akoko n,Isele ile riri naa kojopo si bii km ogun (maili meedogun) ni apa ariwa-ariwa ila oorun Dilioni ati bi km marundinlogorin (maili ogoji) guusu Butte.
C-q4-g64,yor_Latn,197,rep,"Aṣẹ́ ìròyìn ìṣeré TMZ mọ̀ pé oníṣàkóso àwòrán náà dìde ọkọ rẹ̀ ní ẹ̀gbẹ́ kejì ti Sepulveda Boulevard, ó sì gbìyànjú láti mú àwòrán àwọn ọlọ́pàá tí wọ́n dẹ́kun ṣáájú kí ó tó kọjá ọ̀","Iwe-ẹrọ iroyin itanṣan TMZ mọ pe olọfọ naa duro ọkọ rẹ lori ẹ̀gbẹ́ tòkànrín Sepulveda Boulevard, ó sì gbìyànjú láti mú àwọn fọ́nrán àwọn ọlọ́pàá tí wọ́n duro títí tàbí títí tàbí tí","Ìtàkùn Ìròyìn ìdárayá tí a mọ̀ sí TMZ jẹ́ kó yé pé àayàwòrán náà dá ọkọ̀ òun dúró lẹ́gbẹ̀ẹ́ kejì Sepulveda Boulevard, ó sì gbìyànjú láti ya àwòránibi ìdánidúró àwọn ọlọ́pàá kí ó tó"
E-q4-emb8,yor_Latn,97,rep,Dr. Tony Moll ṣàwárí Ìgbàgbé Tìbàkì Tí Kò Lè Dẹ́kun Lórí Àwọn Ìdàgbàsókè (XDR-TB) ní agbègbè KwaZulu-Natal ní orílẹ̀-èdè South Africa.,Dr. Tony Moll ṣe àwárí ìdàjì ìdàjì ìdàjì ìdàjì ìdàjì ìdàjì ìdàjì ìdàjì ìdàjì ìdàjì ìdàjì ìdàjì ìdàjì ìdàjì ìdàjì ìdàjì ìdàjì ìdàjì ìdàjì ìdàjì ìdàjì ìdàjì ìdàjì ìdàjì ìdàjì ìdàjì ì,Dr. Tony Moll sàwárí Extremely Drug Resistant Tuberculosis (XDR-TB) ní KwaZulu-Natal lẹ́kùn South African.
E-q4-emb8,yor_Latn,178,rep,"Fun awọn Springboks, o pari ipò ìdààmú mẹ́fà.","Fun awọn Springboks, ó parí ìdàjì ìdàjì ìdàjì ìdàjì ìdàjì ìdàjì.","Fun awon Springbooki, o so ipadanu ere-marun seyin dopin."
C-q4-g64,amh_Ethi,9,drift,ሪንግ በተመሳሳይ የደህንነት ኩባንያ፣ ADT ኮርፖሬሽን ጋር የሕግ ጉዳይን አስተካክሏል።,Ring ኩባንያው ከሌላ የደህንነት ኩባንያ ጋር በሕግ ላይ ተስማምቷል፣ ይህም ADT Corporation ነው።,ሪንግ ከተፎካካሪ የደህንነት ኩባንያም ADT ኮርፖሬሽን፣ ጋር ክስ መስርቷል።
C-q4-g64,amh_Ethi,19,rep,እንደ ኔሽናል ሴክሪተሪ ሆነው፣ ካርተር በዲፕሎማቲክ መንገድ የዓለም ጉዳዮችን እንደ ካምፕ ዲቪድ ስምምነት፣ 1978፤ የአሜሪካ እና ቻይና ግንኙነት መደበኛ ማድረግ በ1970 ዓ.ም፤ የኢራን አብዮት፣ ይህም የኢራን ሰረገላ ቀውስ ወደ 1979 አድርጓል፤ እና ሶቪዬት በ1979 ዓ.ም በአፍጋ,እንደ ኔቫል አሜሪካዊ ኤጀንሲ፣ እሱ ካርተርን በዲፕሎማቲክ ሁኔታዎች ላይ በዓለም አቀፍ ጉዳዮች ላይ እንዴት እንደሚሰራ፣ እንደ ካምፕ ዴቪድ ስምምነት 1978፣ የአሜሪካ እና ቻይና ግንኙነት ማስተካከል በ1970 ዓ.ም. መጨረሻ ላይ፣ የኢራን አብዮት 1979፣ ወደ ኢራን ሰለባዎች ቀውስ፣ ,እንደ NSA፣ እንደ ካምፕ ዴቪድ አኮርድስ፣ 1978፤ በ1970ዎች የአሜሪካ እና የቻይና ግንኙነትን መመለስ፤ የኢራን ታጋች ቀውስን የመራው የኢራን ርዕዮተ አለም፣ 1979፤ እና በአፍጋኒስታን የሶቭየት ወረራ፣ 1979 ያሉ የአለም ጉዳዪች በዲፕሎማሲ መንገድ ለማስተናገድ ካርተርን ረዳው።
C-q4-g64,amh_Ethi,20,drift,ፊልሙ፣ ሪያን ጎስሊንግ እና ኤማ ስቶንን ያካተተ፣ በሁሉም ዋና ምድቦች ውስጥ ሽልማት ተቀብሏል።,"The movie, featuring Ryan Gosling and Emma Stone, ደረሰች በሁሉም ትልቁ ምድቦች ውስጥ ምርጫዎች።",ራየን ጎሊንግ እና ኤማ ስቶን የሰሩበት ፊልም በሁሉም ዋና ምድቦች እጩነት አግኝተዋል።
C-q4-g64,amh_Ethi,27,rep,ይህ በትንሹ ዲኖሳውሮች ፀጉር እንዳላቸው ብቻ ሳይሆን፣ ቀደም ሲል በሰፊው የተሰራጨ ንድፈ ሐሳብ ነው፣ ነገር ግን ቀለም እና ሶስት-ልኬት አቀማመጥ ያሉ አጠቃላይ አጥንቶች ሊያቀርቡ የማይችሉ ዝርዝሮችን ይሰጣል።,ይህ በጥብቅ የዳይኖሶሮች በጥብቅ የዳይኖሶሮች በጥብቅ የዳይኖሶሮች በጥብቅ የዳይኖሶሮች በጥብቅ የዳይኖሶሮች በጥብቅ የዳይኖሶሮች በጥብቅ የዳይኖሶሮች በጥብቅ የዳይኖሶሮች በጥብቅ የዳይኖሶሮች በጥብቅ የዳይኖሶሮች በጥብቅ የዳይኖሶሮች በጥብቅ የዳይኖሶሮች በጥብቅ የዳይኖሶሮች በጥብቅ የዳይ,ይህ ዳይኖሰሮች ላባ እንደነበራቸው፣ የተስፋፋ ጽንሰ ሃሳብ፣ ብቻ ሳይሆን ነገር ግን ቅሪት አካላት ሊያቀርቡ የማይችሉትን እንደ ቀለም እና ባለ ሶስት ልኬት አቀማመጥ አይነት ዝርዝሮችንም ያረጋግጣል።
C-q4-g64,amh_Ethi,32,drift,በመጀመሪያው የዲኖሳውር ልጅ ጭራ ላይ የሚገኘው ናሙና በአዋቂዎች ፀጉር እና በወጣት ዲኖሳውር ልጅ ፀጉር ላይ የሚገኘውን ፀጉር ያሳያል።,"The researchers suggested that, even though this is the tail of a young dinosaur, the sample shows adult plumage and not a chick's down.",ተመራማሪዎች ይህ የልጅ ዳይኖሰር ጭራ ቢሆንም፣ ናሙናው የአዋቂ ላባዎች ስብስብ እንጂ የዶሮ እንዳልሆነ ተናግረዋል።
C-q4-g64,amh_Ethi,41,drift,የ 802.11n መደበኛ በ 2.4 GHz እና 5.0 GHz ድግግሞሾች ላይ ይሠራል።,The 80.21 standard operates on both the 2.4 GHz and 5.0 GHz frequencies.,የ 802.11n ደረጃ በሁለቱም በ 2.4 ጊኸርትዝ እና በ 5.0 ጊኸዝ ሞገድ ይሠራል።
C-q4-g64,amh_Ethi,48,rep,"ኢሁ በልማት ያሉ ሀገራትን ""በመጀመሪያ በማበከል እና በኋላ በማጽዳት የቀድሞውን መንገድ እንዳይከተሉ"" አበረታታ።","ኢሁ ለአዳዲስ ሀገራት ""መጀመሪያ አጥብቀው አጥብቀው አጥብቀው አጥብቀው አጥብቀው አጥብቀው አጥብቀው አጥብቀው አጥብቀው አጥብቀው አጥብቀው አጥብቀው አጥብቀው አጥብቀው አጥብቀው አጥብቀው አጥብቀው አጥብቀው አጥብቀው አጥብቀው አጥብቀው አጥብቀው አጥብቀው አጥብቀው አጥብቀው አጥብቀው አጥብ",ሑ ታዳጊ ሀገሮች “ውሀን አሁን በክሎ በኋላ የማጥራት መንገድን እንዲተዉ” አበረታተዋል።
C-q4-g64,amh_Ethi,59,rep,በሮም ላይ የሚገኙት ሰዎች ቁጥር ከ 4 ሚሊዮን በላይ ነው።,በሮም ወደ ሩም ወደ ሩም ወደ ሩም ወደ ሩም ወደ ሩም ወደ ሩም ወደ ሩም ወደ ሩም ወደ ሩም ወደ ሩም ወደ ሩም ወደ ሩም ወደ ሩም ወደ ሩም ወደ ሩም ወደ ሩም ወደ ሩም ወደ ሩም ወደ ሩም ወደ ሩም ወደ ሩም ወደ ሩም ወደ ሩም ወደ ሩም ወደ ሩም ወደ ሩም ወደ ሩም ወደ ሩም ወደ ሩም ወደ,ከአራት ሚሊዮን ሰዎች በላይ የቀብር ስነ ስርዓቱን ለመካፈል ወደ ሮም ሄደዋል።
C-q4-g64,amh_Ethi,67,rep,እንደገና የካፒቴኑን ዊኬት ካጣች በኋላ፣ ኢንዲያ 36 ሩን ብቻ አድርጓል፣ 7 ዊኬቶችን በመጥፋት ጨዋታውን አጠናቀቀች።,አንድ አባል በስራ ላይ ሲሰራ፣ በስራ ላይ ሲሰራ፣ በስራ ላይ ሲሰራ፣ በስራ ላይ ሲሰራ፣ በስራ ላይ ሲሰራ፣ በስራ ላይ ሲሰራ፣ በስራ ላይ ሲሰራ፣ በስራ ላይ ሲሰራ፣ በስራ ላይ ሲሰራ፣ በስራ ላይ ሲሰራ፣ በስራ ላይ ሲሰራ፣ በስራ ላይ ሲሰራ፣ በስራ ላይ ሲሰራ፣ በስራ ላይ ሲሰራ፣ በስራ ,ነገር ግን፣ ካፒቴኑን ዊኬት ህንድ ከተሸነፈች በኋላ እስከመጨረሻው 36 ሩጫ እና 7 ዊኬቶችን ተሸንፋለች።
C-q4-g64,amh_Ethi,74,rep,እንደ ጄን ሃውርድ የፕሬሚየር ሚኒስቴር አባል ሆኖ ተናግሯል፣ ይህም በታስማኒያ መንግስት በሆስፒታል አገልግሎቶች ላይ ተጨማሪ 45 ሚሊዮን ዶላር አውስትራሊያን (AUD) በመስጠት የሆስፒታል አገልግሎቶችን ማሻሻል ለማድረግ ነበር።,አብሪም ፓርላማ ጆን ሃውርድ በታስማኒያ መንግስት በሆስፔትል አገልግሎቶች ላይ ተቀላቀለ ማድረግ ለማስቀጠል በታስማኒያ መንግስት በታስማኒያ መንግስት በታስማኒያ መንግስት በታስማኒያ መንግስት በታስማኒያ መንግስት በታስማኒያ መንግስት በታስማኒያ መንግስት በታስማኒያ መንግስት በታስማኒያ መን,ነገር ግን ጠቅላይ ሚኒስትር ጆን ሆዋርድ እንደተናገሩት ድርጊቱ ተጨማሪ የ AUD$45 ሚሊዮን ዶላር በመስጠት የሆስፒታሉን ተቋማት በታስማኒያ መንግስት እንዳያወርዱ ለመጠበቅ ብቻ ነበር።
C-q4-g64,amh_Ethi,143,rep,Winfrey በፍቅርዋ ላይ በጥልቅ ተስፋፍታ ቢሆንም፣ ለተከታዮቿ በግልጽ እንደገለጸችው ወደ ኋላ ትመለሳለች።,Winfrey በግርግም በግርግም በግርግም በግርግም በግርግም በግርግም በግርግም በግርግም በግርግም በግርግም በግርግም በግርግም በግርግም በግርግም በግርግም በግርግም በግርግም በግርግም በግርግም በግርግም በግርግም በግርግም በግርግም በግርግም በግርግም በግርግም በግርግም በግርግም በግርግ,ምንም እንኳን ዊንፍሬይ በስንብቷ እያነባች ብትሆንም፤ ተመልሳ እንደምትመጣ ለአድናቂዎቿ ግልፅ አድርጋለች፡፡
C-q4-g64,amh_Ethi,172,drift,የተወሰነው የቴሌቪዥን ፕሮግራም በመጀመሪያ በምስራቅ ቴክሳስ ውስጥ የሚኖሩ አማካሪ ድምጽ ተዋናዮችን ያቀረበ ነበር።,"The show originally featured amateur voice actors, local to East Texas.",ትዕይንቱ በመጀመሪያ የምሥራቅ ቴክሳስ አካባቢ የሆኑ አማተር የድምፅ ተዋንያንን አሳይቷል።
E-q4-emb8,amh_Ethi,5,rep,በቀድሞው ጊዜ፣ የሪንግ ዋና ሥራ አስኪያጅ፣ ጄም ሲሚኖፍ፣ ኩባንያው በቤቱ ውስጥ በጋራጅ ውስጥ በሚገኝበት ጊዜ የድምፅ ማስታወቂያው በደንብ አልተሰማም ብለዋል።,ቀደም ሲል፣ የሪንግ ዋና ሥራ አስኪያጅ፣ ጄም ሲሚኖፍ፣ በድርጊቱ ላይ ሲናገር፣ የድርጊቱ መጀመሪያ በቤት ውስጥ በግዢ ቤት ውስጥ በግዢ ቤት ውስጥ በግዢ ቤት ውስጥ በግዢ ቤት ውስጥ በግዢ ቤት ውስጥ በግዢ ቤት ውስጥ በግዢ ቤት ውስጥ በግዢ ቤት ውስጥ በግዢ ቤት ውስጥ በግዢ ቤት ውስጥ ,ከዚህ ቀደም፣ የሪንግ ዋና ሥራ አስኪያጅ፣ ጄሚ ሲሚኖፍ፣ ኩባንያው የጀመው የበር ደውሉ መኪና ማቆሚያው ውስጥ በሚገኘው ሱቅ ውስጥ አልሰማ ሲለው እንደሆነ ተናግሯል።
E-q4-emb8,amh_Ethi,32,rep,በመጀመሪያው የዲኖሳውር ልጅ ጭራ ላይ የሚገኘው ናሙና በአዋቂዎች ፀጉር እና በወጣት ዲኖሳውር ልጅ ፀጉር ላይ የሚገኘውን ፀጉር ያሳያል።,የተመራማሪዎቹ አስተያየት አስተያየት አስተያየት አስተያየት አስተያየት አስተያየት አስተያየት አስተያየት አስተያየት አስተያየት አስተያየት አስተያየት አስተያየት አስተያየት አስተያየት አስተያየት አስተያየት አስተያየት አስተያየት አስተያየት አስተያየት አስተያየት አስተያየት አስተያየት አስተ,ተመራማሪዎች ይህ የልጅ ዳይኖሰር ጭራ ቢሆንም፣ ናሙናው የአዋቂ ላባዎች ስብስብ እንጂ የዶሮ እንዳልሆነ ተናግረዋል።
E-q4-emb8,amh_Ethi,79,rep,"ቡሽ ተወካይ ጎርደን ጂዮንዶሮ ኩሪያን ደሴት ላይ የሚታወቅ የንጹህ አውሮፕላን ማስወገድ ለማሳካት የሚደረግ የትኩረት እርምጃ ""አንድ ትልቅ እርምጃ"" ብለዋል።",ቡሽ ተወካይ ጎርዶን ጃንዶሮ ኔቶር ኮሪያ ናት ናት ናት ናት ናት ናት ናት ናት ናት ናት ናት ናት ናት ናት ናት ናት ናት ናት ናት ናት ናት ናት ናት ናት ናት ናት ናት ናት ናት ናት ናት ናት ናት ናት ናት ናት ናት ናት ናት ናት ናት ናት ናት ናት ናት ናት ናት ናት ናት ናት ናት ና,የቡሽ ቃል አቀባይ ጎርደን ጆንድሮ የሰሜን ኮሪያን ቃል “የኮሪያ ባሕረ ሰላጤን እርግጠኛ የሆነ ከኒውክሊየር የማጽዳት ግብን ለማሳካት ትልቅ እርምጃ ነው” ብለዋል፡፡
E-q4-emb8,amh_Ethi,91,rep,በሳይንቲስቶች መካከል ጥቁር ንብረት በሌሎች ጥቁር ንብረት ላይ በተመሳሳይ መንገድ የተለመደ ንብረት ያደርጋል።,ሳይንቲስቶች በጥቁር ንብረት በሌሎች ጥቁር ንብረቶች ላይ ተመሳሳይ መንገድ በሚያደርገው በሚያደርገው በሚያደርገው በሚያደርገው በሚያደርገው በሚያደርገው በሚያደርገው በሚያደርገው በሚያደርገው በሚያደርገው በሚያደርገው በሚያደርገው በሚያደርገው በሚያደርገው በሚያደርገው በሚያደርገው በሚያደር,ሳይንቲስቶቹ ዳርክ ማተር ሌሎች ዳርክ ማተሮች ላይ የሚያሳድረው ተጽእኖ ልክ እንደ መደበኛ ማተር ነው የሚል ድምዳሜ ላይ መድረስ ችለዋል።
E-q4-emb8,amh_Ethi,106,rep,የማስቀመጫ ትንተና ውጤት ወደ የህዝብ ድረ-ገጽ ይለጠፋል።,የማስቀመጫ ትንተና ውጤት ለህዝብ ድረ-ገጽ ይለጠፋል።,የንድፍ ትንተና ውጤት የህዝብ ድር ጣቢያ ላይ ይለጠፋል።
E-q4-emb8,amh_Ethi,125,rep,"አንድ ሰው በትራክት ላይ የተከሰተበት ቦታ አጠገብ በጋራጅ ውስጥ እየሰራ ሲል እንዲህ አለ፦ ""በመንገድ ላይ ለመሻገር የሚጠብቁ ልጆች ነበሩ፣ ሁሉም በጩኸት እና በጩኸት ነበር።""",አንድ ሰው በትራንስፖርት ማሽን አጠገብ በትራንስፖርት ማሽን አጠገብ በትራንስፖርት ማሽን አጠገብ በትራንስፖርት ማሽን አጠገብ በትራንስፖርት ማሽን አጠገብ በትራንስፖርት ማሽን አጠገብ በትራንስፖርት ማሽን አጠገብ በትራንስፖርት ማሽን አጠገብ በትራንስፖርት ማሽን አጠገብ በትራንስፖርት ማሽ,አደጋው ከደረሰበት አጠገብ በሚገኝ ጋራዥ ውስጥ የሚሠራ አንድ ሰው፥ “መንገዱን ለማቋረጥ የሚጠብቁ ልጆች ነበሩ እናም ሁሉም እየጮሁ እያለቀሱ ነበር” ብሏል።
E-q4-emb8,amh_Ethi,129,rep,ገንዘቡ ለጎርፍ-ማይቋቋሙ ቤቶች፣ የተሻለ የውሃ አስተዳደር፣ እና የሰብል ልዩነት ሊሄድ ይችላል።,በተፈጥሮ አደጋዎች ላይ ተጽዕኖ ለማሳነስ፣ የግብርና ምርታማነትን ለማሳደግ፣ እና የግብርና ምርቶችን ለማሻሻል የሚያስችሉ የግብርና ምርቶችን ለማሻሻል የሚያስችሉ የግብርና ምርቶችን ለማሻሻል የሚያስችሉ የግብርና ምርቶችን ለማሻሻል የሚያስችሉ የግብርና ምርቶችን ለማሻሻል የሚያስችሉ የግብር,ገንዘቡ ወደ ጎርፍ መከላከያ ቤቶች ፣ ለተሻለ የውሃ አያያዝ እና የሰብል ብዝሃነት ሊሄድ ይችላል።
E-q4-emb8,amh_Ethi,143,rep,Winfrey በፍቅርዋ ላይ በጥልቅ ተስፋፍታ ቢሆንም፣ ለተከታዮቿ በግልጽ እንደገለጸችው ወደ ኋላ ትመለሳለች።,Winfrey በግርግም በግርግም በግርግም በግርግም በግርግም በግርግም በግርግም በግርግም በግርግም በግርግም በግርግም በግርግም በግርግም በግርግም በግርግም በግርግም በግርግም በግርግም በግርግም በግርግም በግርግም በግርግም በግርግም በግርግም በግርግም በግርግም በግርግም በግርግም በግርግ,ምንም እንኳን ዊንፍሬይ በስንብቷ እያነባች ብትሆንም፤ ተመልሳ እንደምትመጣ ለአድናቂዎቿ ግልፅ አድርጋለች፡፡
E-q4-emb8,amh_Ethi,198,rep,በፖሊስ መሠረት፣ ፎቶግራፍ አድርጎ የነበረውን ሰው የተጋጨው ተሽከርካሪ አሽከርካሪ ወንጀለኛ ክስ ሊያጋጥመው የማይችል ነው።,በፖሊስ መሠረት፣ ፎቶግራፎችን የሚወርድ ተሽከርካሪ አስተዳደር በወርቅ ላይ የሚገኝ አደጋ ላይ የሚገኝ አደጋ ላይ የሚገኝ አደጋ ላይ የሚገኝ አደጋ ላይ የሚገኝ አደጋ ላይ የሚገኝ አደጋ ላይ የሚገኝ አደጋ ላይ የሚገኝ አደጋ ላይ የሚገኝ አደጋ ላይ የሚገኝ አደጋ ላይ የሚገኝ አደጋ ላይ የ,ፖሊስ ባለው መሰረት፣ ፎቶግራፈሩን የገጨው ተሽከርካሪ ሹፌር የወንጀለኛ ቅጣት የመቀበል ዕድሉ እጅግ አናሳ ነው።
C-q4-g64,mya_Mymr,0,drift,"""ဒီနေ့ ကျွန်ုပ်တို့မှာ ဆီးချိုရောဂါမရှိတဲ့ ၄ လအရွယ် ကြွက်တွေ ရှိပါတယ်၊ ဒါတွေက ဆီးချိုရောဂါရှိခဲ့တဲ့ ကြွက်တွေပါ"" ဟု သူက ထပ်လောင်းပြောကြားခဲ့သည်။","""ဒီနေ့ ကျွန်တော်တို့မှာ ၄ လ အရွယ် မီးခိုးတွေ ရှိပါတယ်။ ဒီ မီးခိုးတွေဟာ ဆီးချိုရောဂါ မရှိတဲ့ မီးခိုးတွေပါ။ ဒီ မီးခိုးတွေဟာ ဆီးချိုရောဂါ ရှိခဲ့တဲ့ မီးခိုးတွေပါ။""
(Translation note: T","""""""ဆီးချိုရှိဖူးပေမယ့် အခုဆီးချိုမရှိတော့တဲ့ ၄ လသား ကြွက်လေးတွေ ရှိနေပါတယ်"""" ဟုသူက ဖြည့်စွက်ပြောပါတယ်။"""
C-q4-g64,mya_Mymr,8,drift,2017 ခုနှစ်၊ နောက်ပိုင်းတွင် Siminoff သည် QVC ဟူ၍ ဝယ်ယူရေး ဗီဒီယို စီးရီးတွင် ပါဝင်ခဲ့သည်။,"2021-ųjų azaren azaren, Siminoff shopping television channel QVC-ontin taya.",၂၀၁၇ ခုနှစ်နှောင်းပိုင်းတွင် စီမင်နော့ဖ်က စျေးဝယ် ရုပ်မြင်သံကြားလိုင်း QVC တွင် ပေါ်လာပါသည်။
C-q4-g64,mya_Mymr,12,drift,ပါမီယာစမ်းသပ်မှုတွင် ZMapp သည် ထိန်းချုပ်မှုအဖြစ် အသုံးပြုခဲ့ပြီး သိပ္ပံပညာရှင်များသည် ၎င်းကို အခြေခံအနေဖြင့် အသုံးပြုကာ အခြားသော ကုသမှုသုံးခုကို နှိုင်းယှဉ်ခဲ့သည်။,"In the PALM trial, ZMapp served as a control, meaning scientists used it as a baseline and compared the three other treatments to it.",ပလမ်း စမ်းသပ်ချက်တွင် ဇက်မက်ပ် သည် ထိန်းချုပ်ပစ္စည်းအဖြစ် လုပ်ဆောင်ခဲ့သည်။ ဆိုလိုသည်မှာ သိပ္ပံပညာရှင်များက ၎င်းကို အခြေခံလိုင်းတစ်ခုအနေဖြင့် အသုံးပြုခဲ့ရပြီး ၎င်းအတွက် အခြားကုသမှုသ
C-q4-g64,mya_Mymr,18,drift,1969-တန်ဆာလီန်ကားတာ့ရီရဲ့ နိုင်ငံခြားရေးမူဝါဒအကြောင်း အကြံပြုခဲ့ပါတယ်၊ 1977-1981 အထိ နိုင်ငံတော်လုံခြုံရေးအကြံပေးအဖြစ် တာဝန်ထမ်းဆောင်ခဲ့ပြီး ဟန်ဂျီကေဂျင်နရီရဲ့ အစားထိုးဖြစ်ပါတယ်။,ဟယ်ရီ ကတ်ဆင်ဂျီနီး (Henry Kissinger) ကို အစားထိုးပြီး ၁၉၇၇ မှ ၁၉၈၁ အထိ အမေရိကန်နိုင်ငံ၏ အမျိုးသားလုံခြုံရေးအတိုင်ပင်ခံ (National Security Advisor) အဖြစ် တာဝန်ထမ်းဆောင်ခဲ့သည်။,၁၉၇၆ ရွေးကောက်ပွဲများအတွင်း ကာတာကို နိုင်ငံခြားမူဝါဒအတွက် သူအကြံဉာဏ်ပေးခဲ့သည်၊ ထို့နောက်တွင် နိုင်ငံတော်လုံခြုံရေးအကြံပေး (NSA) အဖြစ် ၁၉၇၇မှ ၁၉၈၁အထိ တာဝန်ထမ်းဆောင်ခဲ့ပြီး ဟင်နရီကစ်
C-q4-g64,mya_Mymr,41,drift,8.21n စံသည် 2.4 GHz နှင့် 5.0 GHz ကြိမ်နှုန်းနှစ်ခုလုံးတွင် အလုပ်လုပ်သည်။,The 80.21 standard operates on both the 2.4 GHz and 5.0 GHz frequencies.,၈၀၂.၁၁n စံနှုန်းသည် ၂.၄Ghz နှင့် ၅.၀Ghz ကြိမ်နှုန်း နှစ်မျိုးလုံးတွင် လုပ်ဆောင်ပါသည်။
C-q4-g64,mya_Mymr,43,drift,8002.11n ၏ အရှိန်များသည် ၎င်း၏ ယခင်ဗားရှင်းများထက် အများဆုံး ၆၀၀ Mbit/s ရှိသော အများဆုံး သီအိုရီအရ ဖြတ်သန်းနိုင်မှုဖြင့် သိသိသာသာ မြန်ဆန်သည်။,The speeds of 80211.1n are substantially faster than that of its predecessors with a maximum theoretical throughput of 600 Mbit/s.,၈၀၂.၁၁n ၏ အမြန်နှုန်းများသည် သီအိုရီပိုင်းအရ စွမ်းဆောင်ရည် ၆၀၀Mbit/s ရှိသည့် ယခင်ပစ္စည်းများ၏ အမြန်နှုန်းများထက် ပို၍ သိသိသာသာမြန်ဆန်သည်။
C-q4-g64,mya_Mymr,51,rep,အီရတ်တွင် ဤအဆင့်တွင် မည်သည့်လုပ်ဆောင်မှုမဆို ဘာသာရေးစစ်ပွဲ၊ တိုးပွားလာသော အကြမ်းဖက်မှု သို့မဟုတ် အရှုပ်အထွေးဆီသို့ ကျဆင်းမှုကို ရပ်တန့်နိုင်မည်ဟု မည်သူမျှ အာမခံနိုင်မည်မဟုတ်ပါ။,ဤအချက်သည် အရေးယူမှုမရှိပါ။ ဤအချက်သည် အရေးယူမှုမရှိပါ။ ဤအချက်သည် အရေးယူမှုမရှိပါ။ ဤအချက်သည် အရေးယူမှုမရှိပါ။ ဤအချက်သည် အရေးယူမှုမရှိပါ။ ဤအချက်သည် အရေးယူမှုမရှိပါ။ ဤအချက်သည် အရေးယူမှ,အီရတ်ရှိ ဂိုဏ်းဂဏဆိုင်ရာ ပဋိပက္ခ၊ ကြီးထွားလာသော အကြမ်းဖက်မှု သို့မဟုတ် ပရမ်းပတာဖြစ်မှုသို့ ဦးတည်သည့်အခြေအနေများကို ရပ်တန်ရန် ယခုအချိန်တွင် မည်သည့်လုပ်ဆောင်ချက်ကမျှ ဆောင်ရွက်ပေးနိုင
C-q4-g64,mya_Mymr,53,rep,အစိုးရသည် အီရတ်အပေါ် လက်ရှိမူဝါဒ၏ နီးပါးအချို့သော အချက်များကို အလွန်အမင်း ဝေဖန်ထားပြီး ချက်ချင်းဦးတည်ချက်ပြောင်းလဲရန် တိုက်တွန်းထားသည်။,အစိုးရသည် အီဂျစ်နိုင်ငံအပေါ် မူဝါဒကို အလွန်အမင်း ဝေဖန်ထားပြီး၊ အစိုးရသည် အီဂျစ်နိုင်ငံအပေါ် မူဝါဒကို အလွန်အမင်း ဝေဖန်ထားပြီး၊ အစိုးရသည် အီဂျစ်နိုင်ငံအပေါ် မူဝါဒကို အလွန်အမင်း ဝေဖန်,အစီရင်ခံစာက အမှုဆောင်အဖွဲ့၏ အီရတ်နိုင်ငံအပေါ်ထားရှိသည့် လက်ရှိမူဝါဒ၏ ရှုထောင့်ဟူသမျှနီးပါးကို ပြင်းပြင်းထန်ထန် ရှုတ်ချထားသည်။
C-q4-g64,mya_Mymr,76,rep,တိုဂါတွင် အဓိကပျက်စီးမှု သို့မဟုတ် ဒဏ်ရာများ မရှိသေးပါ၊ သို့သော် လျှပ်စစ်ဓာတ်အား အစောပိုင်းတွင် ဆုံးရှုံးခဲ့ပြီး၊ PTWC မှ ထုတ်ပြန်သော ငလျင်လှိုင်းသတိပေးချက်ကို တိုဂါရှိ အာဏာပိုင်မျ,တောင်တရုတ်ပင်လယ်ဒေသရှိ ရာသီဥတုဆိုင်ရာ အရေးပေါ်အခြေအနေဆိုင်ရာ အဖွဲ့ (PTWC) မှ ထုတ်ပြန်သော ငလျင်လှိုင်းအရေးပေါ်သတိပေးချက်ကို တောင်တရုတ်ပင်လယ်ဒေသရှိ တောင်တရုတ်ပင်လယ်ဒေသရှိ တောင်တရုတ်ပ,တွန်ဂ တွင် ကြီးကြီးမားမား ထိခိုက်မှု သို့မဟုတ် ဒဏ်ရာရမှုများ မရှိသော်လည်း စွမ်းအင် ယာယီ ပြတ်တောက်ခဲ့၍ Tonga အာဏာပိုင်များအနေဖြင့် PTWC က ထုတ်ပြန်သည့် ဆူနာမီမုန်တိုင်း သတိပေးချက်ကို
C-q4-g64,mya_Mymr,78,rep,အမေရိကန်သမ္မတ ဂျိုးဘော့ဘ် က အဆိုပြုချက်ကို ကြိုဆိုခဲ့သည်။,အမေရိကန်သမ္မတ ဂျော့ခ်ျ ဒီ. ဘျူဆော့်က ကြေညာချက်ကို ကြိုဆိုခဲ့သည်။,အမေရိကန်ပြည်ထောင်စု သမ္မတ ဂျီရောဂျီဒဘလူဘက်ဟ် က ကြေညာချက်ကို ကြိုဆိုထောက်ခံသည်။
C-q4-g64,mya_Mymr,80,drift,အက်တလစ်သဘာဝဘေးအန္တရာယ်ရာသီ၏ ဒသမအမည်ပေးထားသော မုန်တိုင်း၊ အလယ်ပိုင်းအပူပိုင်းမုန်တိုင်း ဂျေရီသည် ယနေ့ အက်တလစ်အော်ဂဲနစ်တွင် ဖြစ်ပေါ်ခဲ့သည်။,"Atlantik uragân sezoni-ko hamaun ten, Subtropikal uragân Jerry, atlantik uranban sortu da gaur.",အတ္တလန္တိတ်သမုဒ္ဒရာ ဟာရီကိန်းမုန်တိုင်းရာသီ၏ ဆယ်ခုမြောက်ဖြစ်သော ဂျယ်ရီ ဟုအမည်ပေးထားသည့် အပူလျော့ပိုင်းမုန်တိုင်းသည် ယနေ့တွင် အတ္တလန္တိတ် သမုဒ္ဒရာအတွင်း၌ ဖြစ်ပေါ်လာခဲ့ပါသည်။
C-q4-g64,mya_Mymr,85,drift,ကွန်မစ်အီလက်ထရောနစ်အက်ဒ်မင်းနား အန်ဒမ် ကွူရီနန်က လက်ရှိလက ဗီကီနက်စ်နှင့် တွေ့ဆုံစဉ် ဖျက်သိမ်းမှုများအပေါ် သူ၏ စိတ်ပျက်မှုကို ဖော်ပြခဲ့သည်။,Commons Administrator Adam Cuerden အား Wikinews မှ လွန်ခဲ့သော လတစ်လအတွင်း ဆွေးနွေးပြောကြားစဉ် ဖျက်သိမ်းမှုများအပေါ် သူ၏ စိတ်ပျက်မှုကို ဖော်ပြခဲ့သည်။,အတွေ့အကြုံရှိစီမံခန့်ခွဲသူ အဒမ် ကာဒန် သည် လွန်ခဲ့သောလက ဝီကီနရူး နှင့် စကားပြောဆိုချိန်တွင် ပယ်ဖျက်ခြင်းများနှင့်ပတ်သက်၍ မချင့်မရဲဖြစ်မိကြောင်း ဖော်ပြပြောဆိုခဲ့ပါသည်။
C-q4-g64,mya_Mymr,89,drift,ဂလက်ဆီရဲ့ အမှောင်ဒြပ်ထုနဲ့ မီးခိုးရောင်လမ်း၏ အမှောင်ဒြပ်ထုကြားက လှိုင်းစီးအားတွေကြောင့် အဖွဲ့လိုက် ရှာဖွေနေတဲ့ အကျိုးသက်ရောက်မှုကို ဖြစ်စေလိမ့်မယ်။,အဖွဲ့ရှာဖွေနေသော အကျိုးသက်ရောက်မှုသည် ဂလက်ဆီရဲ့ အမှောင်အရာ (dark matter) နှင့် မိုက်ကရိုလီယာ (Milky Way) ရဲ့ အမှောင်အရာ (dark matter) တို့ကြား ရေလှိုင်းအားများ (tidal forces) ကြောင,အဖွဲ့မှ ရှာဖွေနေသည့် သက်ရောက်မှုသည် နဂါးငွေ့တန်း၏ အမှုန်အမွှားများနှင့် မစ်ကီဝေးကြယ်စု၏ အမှုန်အမွှားများကြားရှိ အတက်အကျဖြစ်သောအားကြောင့် ဖြစ်ပေါ်လာသည့် လှိုင်းအားဖြစ်နိုင်ပါသည်။
C-q4-g64,mya_Mymr,92,drift,ဒီ သီအိုရီက ဂလက်ဆီတစ်ခုရဲ့ အနီးအနားမှာ အများဆုံး အမှောင်အရာ (dark matter) ဟာ ဂလက်ဆီအနီးမှာ ဟယ်လိုပုံစံ (halo) တစ်ခုမှာ တည်ရှိပြီး၊ အရွယ်အစားသေးငယ်တဲ့ အမှုန်တွေနဲ့ ဖွဲ့စည်းထားတယ်လို,ဒီ သီအိုရီက ဂလက်ဆီတစ်ခုရဲ့ အနီးအနားမှာ အများအားဖြင့် အမှောင်အရာ (dark matter) တွေဟာ ဂလက်ဆီတစ်ခုရဲ့ အနားမှာ တစ်မျိုးသော ဟယ်လိုလို (halo) တစ်ခုမှာ တည်ရှိပြီး အသေးစားအမှုန်တွေ (small ,ဤသီအိုရီအရ ဂလက်ဆီတစ်ခု၏ အမှောင်ဆုံးအရာသည် ဂလက်ဆီတွင် အိမ်အနေဖြင့် တည်ရှိပြီး သေးငယ်သော အမှုန်များဖြင့် ဖွဲ့စည်းထားသည်။
C-q4-g64,mya_Mymr,106,rep,အစီအစဉ်ဆွဲခြင်းဆိုင်ရာ ဆန်းစစ်ချက်ရလဒ်ကို ပြည်သူ့ဝက်ဘ်ဆိုက်တွင် တင်ပြသွားမည်ဖြစ်သည်။,အစီအစဉ်ဆွဲခြင်းဆိုင်ရာ ဆန်းစစ်ချက်၏ ရလဒ်ကို ပြည်သူ့ ဝက်ဘ်ဆိုက်တစ်ခုတွင် တင်ပြမည်။,ဇာတ်အိမ်ဇာတ်ကွက်ပိုင်းဆိုင်ရာ ခွဲခြမ်းစိတ်ဖြာချက်၏ ရလာဒ်ကို အများပြည်သူသိမြင်နိုင်သည့် ဝဘ်ဆိုက်ဒ်တစ်ခုသို့ ရေးသားတင်ပြသွားမည်ဖြစ်သည်။
C-q4-g64,mya_Mymr,112,rep,ဤရာသီ၏ ပထမဆုံး ရောဂါဖြစ်ပွားမှုများကို ဇူလိုင်လကုန်ပိုင်းတွင် အစီရင်ခံခဲ့သည်။,ဤရာသီတွင် ရောဂါ၏ ပထမဆုံးအကြိမ်များ ဇူလိုင်လ အဆုံးတွင် သတင်းပို့ခဲ့သည်။,ဤရာသီ၏ ရောဂါဖြစ်ပွားမှု ကနဦးလူနာများသည် ဇူလိုင်လ အနှောင်းပိုင်းတွင် ပေါ်လာကြသည်။
C-q4-g64,mya_Mymr,122,rep,ဖြစ်စဉ်ဖြစ်ပြီးနောက် ဂျီးဘင်ကို ဆေးရုံသို့ သယ်ဆောင်သွားခဲ့သော်လည်း မကြာမီကွယ်လွန်ခဲ့သည်။,ဖြစ်စဉ်ဖြစ်ပြီးနောက် ဂျစ်ဘင်ကို ဆေးရုံသို့ သယ်ဆောင်သွားခဲ့သော်လည်း ချက်ချင်းပဲ ကွယ်လွန်ခဲ့သည်။,မတော်တဆမှုဖြစ်ပွားပြီးနောက် ဂစ်ဆင်ကို ဆေးရုံသို့ ပို့ဆောင်ခဲ့သော်လည်း များမကြာမီတွင် သေဆုံးသွားခဲ့သည်။
C-q4-g64,mya_Mymr,125,drift,"ဖြစ်စဉ်ဖြစ်ပွားရာနီးစပ်ရာဂါရီအတွင်းအလုပ်လုပ်နေသောလူတစ်ဦးက ""လမ်းဖြတ်ကျော်ရန်စောင့်ဆိုင်းနေသောကလေးများရှိပြီး သူတို့အားလုံးအော်ဟစ်ပြီးငိုကြွေးနေကြသည်"" ဟုပြောကြားခဲ့သည်။","A person working in a garage near where the accident occurred said: ""There were children waiting to cross the road and they were all screaming and crying.""","""ကားတိုက်မှုဖြစ်ပွားသည့်နေရာအနီးရှိ ကားပြင်အလုပ်ရုံတွင် လုပ်ကိုင်သူက """"ကားလမ်းကို ဖြတ်ကူးမယ်လို့ စောင့်နေတဲ့ ကလေးတွေရှိနေခဲ့ပြီးတော့ သူတို့အားလုံး ကြောက်လန့်တကြား အော်ငိုကြတယ်"""" ဟု"
C-q4-g64,mya_Mymr,128,rep,ဂေဟဗေဒပြောင်းလဲမှုကြောင့် ထိခိုက်ခံစားရသော နိုင်ငံများအား ရင်ဆိုင်နိုင်ရန် ကူညီရန် အမေရိကန်အဖွဲ့အစည်းအကြီး (UN) မှ ငွေကြေးအရင်းအမြစ်ကို အဆုံးသတ်ရန် မျှော်လင့်ထားသည်။,ဂလိုဘယ်ပူပြင်းမှုကြောင့် ထိခိုက်ခံစားရသော နိုင်ငံများအား ကိုင်တွယ်ဖြေရှင်းနိုင်ရန် ကမ္ဘာ့ပူနွေးမှုကြောင့် ထိခိုက်ခံစားရသော နိုင်ငံများအား ကိုင်တွယ်ဖြေရှင်းနိုင်ရန် ကမ္ဘာ့ပူနွေးမှုက,ယူအင်န်သည် ကမ္ဘာကြီးပူနွေးမှု သက်ရောက်ခြင်းရှိသော နိုင်ငံများကို ထိုသက်ရောက်မှုများကို ရင်ဆိုင်ဖြေရှင်းနိုင်ဖို့ ရန်ပုံငွေ ပံ့ပိုးပေးရန် မျှော်လင့်ထားသည်။
C-q4-g64,mya_Mymr,136,drift+rep,1၁:35 နာရီအတွင်း မီးသတ်အဖွဲ့များက မီးကို အဆုံးသတ်နိုင်ခဲ့သည်။,1 1 5 0 0 0 0 0 0 0 0 0 0 0 0 0 0 0 0 0 0 0 0 0 0 0 0 0 0 0 0 0 0 0 0 0 0 0 0 0 0 0 0 0 0 0 0 0 0 0 0 0 0 0 0 0 0 0 0 0 0 0 0 0 0 0 0 0 0 0 0 0 0 0 0 0 0 0 0 0 0 0 0 0 0 0 0 0 0 0 ,နောက်ဆုံးတွင်တော့ မီးသတ်သမားများသည်  ည ၁၁:၃၅ တွင် မီးကို  ငြှိမ်းသတ်နိုင်ခဲ့ပါသည်။
C-q4-g64,mya_Mymr,151,drift,ဟိုတယ်များနှင့် ခရီးသွားလုပ်ငန်းများ ပြန်လည်ဖွင့်လှစ်ရန် အစိုးရ၏ ဆုံးဖြတ်ချက်သည် နိုင်ငံတွင်းရှိ ခရီးသွားလုပ်ငန်းနှင့် ဟိုတယ်လုပ်ငန်းများအတွက် အရေးကြီးသော အခွင့်အလမ်းတစ်ခုဖြစ်သည်။,"""Medecines Sans Frontiere"" အဖွဲ့၏ ပြောရေးဆိုခွင့်ရှိသူ Richard Veerman က ""အင်ဂိုလာသည် အကြီးမားဆုံး ကူးစက်မှုဖြစ်ပွားမှုကို ရင်ဆိုင်နေရပြီး အခြေအနေမှာ အင်ဂိုလာတွင် အလွန်ဆိုးရွားနေဆဲ","""နယ်စည်းမခြားဆရာဝန်များအဖွဲ့၏ ပြောရေးဆိုခွင့်ရှိသူ ရစ်ချက်ဗားမန်းသည် """"အန်ဂိုလာမှာ သူတို့ရဲ့ အဆိုးရွားဆုံး ကူးစက်မှု ဖြစ်လာတော့မည်ဖြစ်ပြီး အန်ဂိုလာမှာ အခြေအနေ ဆိုးရွားနေဆဲပါ"""" ဟု သ"
C-q4-g64,mya_Mymr,157,rep,"အင်္ဂလိပ်စကားစုကို မြန်မာဘာသာသို့ ဘာသာပြန်ထားပါသည်။

**မြန်မာဘာသာပြန်ချက်:**
""အင်္ဂါနေ့တွင် ဖြတ်တောက်ရန် စီစဉ်ထားသော်လည်း အရေးပေါ်တရားရုံး၏ ဆုံးဖြတ်ချက်အရ ကယ်တင်ခံရသည်။""

**မှတ်ချက",အင်္ဂါနေ့တွင် ဖြတ်တောက်ရန် စီစဉ်ထားသော်လည်း အရေးပေါ်တရားရုံး၏ ဆုံးဖြတ်ချက်အရ ကယ်တင်ခဲ့သည်။,အင်္ဂါနေ့တွင် ဖြတ်တောက်ရန် စီစဉ်ထားခဲ့သော်လည်း အရေးပေါ် တရားရေး စည်းမျဉ်းတစ်ခုအရ ထိန်းသိမ်းနိုင်ခဲ့သည်။
C-q4-g64,mya_Mymr,159,drift,အနီအောက်ရောင်ခြည်ပုံရိပ်များက ညနှင့် နေ့တိုင်း အပူချိန်ပြောင်းလဲမှုများက သူတို့သည် ချောင်းများဖြစ်နိုင်ကြောင်း ပြသသည်။,Infrared images show that the temperature variations from night and day show that they are likely caves.,အနီအောက်ရောင်ခြည်ပုံရိပ်များက နေ့နှင့် ညအချိန်အတွင်း အပူချိန်အပြောင်းအလဲများရှိသည်ကို ဖော်ပြပြီး ၎င်းတို့သည် ဂူများဖြစ်နိုင်ဖွယ်ရှိသည်ဟု ဖော်ပြနေသည်။
C-q4-g64,mya_Mymr,161,drift,သူတို့၏ အပူချိန်အပြုအမူသည် ကမ္ဘာပေါ်ရှိ ကြီးမားသော ချိုင့်ဝှမ်းများကဲ့သို့ တည်ငြိမ်မှုမရှိသော်လည်း၊ မြေအောက်တွင် နက်ရှိုင်းသော ချိုင့်ဝှမ်းများဖြစ်သည်နှင့်အညီ ဤအရာများသည် ကိုက်ညီသည,"သူတို့၏ အပူဓာတ်အပြုအမူသည် ကမ္ဘာပေါ်ရှိ ကြီးမားသော ချိုင့်ဝှမ်းများကဲ့သို့ တည်ငြိမ်မှုမရှိသော်လည်း၊ မြေအောက်တွင် နက်ရှိုင်းသော ချိုင့်ဝှမ်းများဖြစ်သည်နှင့်လည်း ကိုက်ညီသည်"" ဟု အမေရိက","""၎င်းတို့၏အပူဆိုင်ရာအပြုအမူသည် မျှတသောတည်မြဲသည့်အပူချိန်ကို ထိန်းသိမ်းထားသည့် ကမ္ဘာပေါ်ရှိဂူကြီးများအတိုင်း တည်ငြိမ်မှု မရှိသော်လည်း ၎င်းသည် မြေပြင်ပေါ်ရှိ တွင်းနက်ကြီးများ ဖြစ်နေရ"
C-q4-g64,mya_Mymr,164,rep,ပြင်သစ် ရွေးကောက်ပွဲ ဥပဒေသည် လုပ်ထုံးလုပ်နည်းများကို တင်းကျပ်စွာ ဥပဒေအရ စည်းမျဉ်းစည်းကမ်းများ ချမှတ်ထားသည်။,ပြင်သစ်နိုင်ငံ၏ ရွေးကောက်ပွဲ ဥပဒေသည် လုပ်ထုံးလုပ်နည်းများကို တင်းကျပ်စွာ စည်းမျဉ်းစည်းကမ်းသတ်မှတ်ထားသည်။,ပြင်သစ် ရွေးကောက်ပွဲ ဥပဒေသည် တရားစွဲဆိုခြင်းများကို တင်းကြပ်စွာ ပြဌာန်းထားသည်။
C-q4-g64,mya_Mymr,172,rep,ရှေးဦးတွင် ပြဇာတ်သည် အရှေ့တောင်ဗာဂျီးနီးယားဒေသမှ အမျိုးသားအသံသရုပ်ဆောင်များကို ပါဝင်စေခဲ့သည်။,ဇာတ်ကားသည် မူလတွင် အရှေ့တောင်ဗားဗီးရှား ဒေသခံ အနုပညာရှင်များ ပါဝင်ခဲ့သည်။,ရှိုးသည် မူရင်းက ဒေသခံမှ အရှေ့တက်ဆက်စ်ထိ အပျော်တမ်းအသံသရုပ်ဆောင်များနှင့် အားဖြည့်ထားခဲ့သည်။
C-q4-g64,mya_Mymr,177,drift,နောက်ဆုံးရမှတ်သည် တစ်မှတ်သာရှိသော အနိုင်ရမှု၊ ၂၁ မှ ၂၀၊ All Blacks ၏ ၁၅ ပွဲအနိုင်ရမှုကို အဆုံးသတ်ခဲ့သည်။,"The final score was a one-point victory, 21 to 20, ending the All Blacks' 15 game winning streak.",နောက်ဆုံးရမှတ်မှာ ၂၁မှတ် နှင့် ၂၀မှတ် ဖြစ်ကာ တစ်မှတ်ဖြင့အနိုင်ရခဲ့ပြီး All Blacks ၏ ကစားပွဲ ၁၅ ပွဲကို အဆုံးသတ်အနိုင်ရခဲ့သည်။
C-q4-g64,mya_Mymr,186,rep,ဟိုက်ဒရိုဂျီ ၅ နှင့် ၁ ဗိုင်းရပ်စ်ရောဂါရှိသည်ဟု သံသယရှိသော ကာဂိုနှင့် ဒိန်းမတ်နိုင်ငံများတွင် အတည်မပြုရသေးပါ။,ဂရိတ်နှင့် ဒိန်းမတ်နိုင်ငံများတွင် H5N1 ရောဂါဖြစ်ပွားမှုများအား သံသယရှိထားသော်လည်း အတည်ပြုချက်မရှိသေးပါ။,ခရိုအေးရှားနှင့် ဒိန်းမတ်ရှိ H၅N၁ ဟုသံသယရှိသောဖြစ်ရပ်များကို အတည်မပြုရသေးပါ။
C-q4-g64,mya_Mymr,195,rep,ဓာတ်ပုံရိုက်သူသည် Ronald Reagan UCLA ဆေးရုံသို့ သယ်ဆောင်သွားခဲ့ပြီး၊ ထိုနေရာတွင် နောက်ပိုင်းတွင် သေဆုံးခဲ့သည်။,ဓာတ်ပုံဆရာကို ဆန်တိုနီယိုရီယန်ဂျီယန်ဂျီယာအင်တာမီယာကုမ္ပဏီအတွင်းသို့ သယ်ယူပို့ဆောင်ခဲ့ပြီး၊ ထိုနေရာတွင် နောက်ပိုင်းတွင် သေဆုံးခဲ့သည်။,ဓာတ်ပုံဆရာကို ရော်နယ်လ်ရေဂင် ယူစီအယ်လ်အေ ဆေးဝါးစင်တာသို့ပို့ခဲ့ပြီး နောက်ပိုင်းတွင် သေဆုံးသွားခဲ့သည်။
E-q4-emb8,mya_Mymr,11,rep,တစ်ခုတည်းသော ဓာတ်မတည့်မှု ကော့တေးလ်၊ ZMapp သည် အစပိုင်းတွင် နယ်ပယ်တွင် ကတိပေးမှုကို ပြသခဲ့သည်၊ သို့သော် တရားဝင်လေ့လာမှုများက သေဆုံးမှုကို ကာကွယ်ရာတွင် ရှာဖွေထားသည်ထက် အကျိုးကျေးဇူး,တစ်ခုတည်းသော ဓာတ်အားပေးဆေး၊ ZMapp၊ အစောပိုင်းတွင် ဓာတ်အားပေးဆေး၏ အသုံးဝင်မှုကို ပြသခဲ့သော်လည်း၊ ဓာတ်အားပေးဆေး၏ အသုံးဝင်မှုကို အဓိကထားပြီး သေဆုံးမှုကို ကာကွယ်ရန် ဓာတ်အားပေးဆေး၏ အသုံ,ပဋိဇီဝကောက်တေးလ် ZMapp သည် အစပိုင်းတွင် ကောင်းမွန်သလိုပြသခဲ့ပြီး နောက်ပိုင်းလေ့လာချက်များအရ  သေခြင်းတရားကိုကာကွယ်ရန် ရှာဖွေခြင်းထက်ပင် အကျိုးရှိမှုမှာပိုမိုနည်ပါးနေသည်ကို ပြသနေသည်။
E-q4-emb8,mya_Mymr,19,rep,သူသည် NSA အဖြစ် ကာတာ့ကို ကမ္ဘာ့ကိစ္စရပ်များကို နိုင်ငံခြားရေးနည်းဖြင့် ကိုင်တွယ်ရာတွင် ကူညီခဲ့သည်၊ ဥပမာ - ကင်မဒီယာဒီယန်သဘောတူညီချက်၊ ၁၉၇၈; အမေရိကန်နှင့် တရုတ်နိုင်ငံ၏ ဆက်ဆံရေးကို ပ,အီရန်တော်လှန်ရေး၊ ၁၉၇၉ ခုနှစ်တွင် အီရန်တွင် အကျဉ်းသားများ အကျဉ်းချထားရသည့် အကျဉ်းသားများ အကျဉ်းချထားရသည့် အကျဉ်းသားများ အကျဉ်းချထားရသည့် အကျဉ်းသားများ အကျဉ်းချထားရသည့် အကျဉ်းသားမျာ,NSA အနေဖြင့် သူသည် ကာတာ ကို ၁၉၇၈ ခုနှစ်၊ ကမ့် ဒေးဗစ် သဘောတူညီချက်များ၊ ၁၉၇၀ ပြည့်နှစ်များတစ်လျှောက်လုံး အမေရိကန်-တရုတ် ဆက်ဆံရေးများကို ပုံမှန်ဖြစ်စေရန် ချိန်ညှိခြင်း၊ ၁၉၇၉ ခုနှစ်၏ 
E-q4-emb8,mya_Mymr,24,rep,တနင်္ဂနွေနေ့ညနေ၊ အမေရိကန်ပြည်ထောင်စုသမ္မတ ဒေါ်နယ်ထရမ့်က သတင်းထောက်များထံ ပေးပို့သော ထုတ်ပြန်ချက်တွင် အမေရိကန်တပ်များ ဆီးရီးယားမှ ထွက်ခွာမည်ဟု ကြေညာခဲ့သည်။,အမေရိကန်ပြည်ထောင်စုသမ္မတ ဒေါ်နယ်ထရမ့်က အမေရိကန်တပ်များက ဆီးရီးယားမှ ထွက်ခွာမည်ဟု ကြေညာခဲ့သည်,တနင်္ဂနွေနေ့နှောင်းပိုင်းတွင်၊ အမေရိကန်သမ္မတ ဒိုနန်လ်ထရန့် သည် သတင်းထုတ်ပြန်ရေးဆိုင်ရာအတွင်းရေးမှူးမှတဆင့် ထုတ်ပြန်သောကြေညာချက်တွင် US တပ်များသည် ဆီးရီးယားမှ ထွက်ခွာမည်ဖြစ်ကြောင်း 
E-q4-emb8,mya_Mymr,31,drift,ဂျူဂျာရက်များ၏ တည်ဆောက်ပုံသည် ၎င်းတို့ကို ပျံသန်းရာတွင် အသုံးမပြုဘဲ အပူချိန်ထိန်းညှိခြင်း သို့မဟုတ် ပြသခြင်းအတွက် အသုံးပြုခဲ့ကြောင်း ညွှန်ပြသည်။ သုတေသီများက ဤသည်မှာ လူငယ်ဒိုင်းနိုဆ,"The feathers' structure suggests that they were not used in flight but rather for temperature regulation or display. The researchers suggested that, even though this is the tail of",ငှက်မွှေးပုံစံတည်ဆောက်ပုံအရ ၎င်းတို့ကို ပျံသန်းရာတွင်အသုံးမပြုသော်လည်း အပူချိန်ပုံမှန်အတိုင်းဖြစ်စေခြင်း သို့မဟုတ် ပြသမှုတို့အတွက် အတော်အသင့်ရှိပါသည်။ စူးစမ်းလေ့လာသူများကအကြံပြုထား
E-q4-emb8,mya_Mymr,41,drift,8.21n စံသည် 2.4 GHz နှင့် 5.0 GHz ကြိမ်နှုန်းနှစ်ခုလုံးတွင် အလုပ်လုပ်သည်။,The 80.21 standard operates on both the 2.4 GHz and 5.0 GHz frequencies.,၈၀၂.၁၁n စံနှုန်းသည် ၂.၄Ghz နှင့် ၅.၀Ghz ကြိမ်နှုန်း နှစ်မျိုးလုံးတွင် လုပ်ဆောင်ပါသည်။
E-q4-emb8,mya_Mymr,43,drift,8002.11n ၏ အရှိန်များသည် ၎င်း၏ ယခင်ဗားရှင်းများထက် အများဆုံး ၆၀၀ Mbit/s ရှိသော အများဆုံး သီအိုရီအရ ဖြတ်သန်းနိုင်မှုဖြင့် သိသိသာသာ မြန်ဆန်သည်။,The speeds of 80211.1n are substantially faster than that of its predecessors with a maximum theoretical throughput of 600 Mbit/s.,၈၀၂.၁၁n ၏ အမြန်နှုန်းများသည် သီအိုရီပိုင်းအရ စွမ်းဆောင်ရည် ၆၀၀Mbit/s ရှိသည့် ယခင်ပစ္စည်းများ၏ အမြန်နှုန်းများထက် ပို၍ သိသိသာသာမြန်ဆန်သည်။
E-q4-emb8,mya_Mymr,59,rep,သိန်းတစ်ဆယ်ကျော်လူဦးရေသည် ရောမမြို့သို့ သင်္ဂြိုဟ်ပွဲသို့ တက်ရောက်ရန် သွားခဲ့သည်။,လူပေါင်း လေးသန်းကျော်သည် ရောမသို့ သင်္ချိုင်းသို့ တက်ရောက်ရန် သွားခဲ့သည်။,လူဦးရေ လေးသန်းကျော်သည် အသုဘအခမ်းအနားကို တက်ရောက်ရန် ရောမသို့ သွားရောက်ခဲ့သည်။
E-q4-emb8,mya_Mymr,60,rep,ရှင်သန်နေသော လူဦးရေသည် များပြားလှသောကြောင့် St. Peter Square တွင် သင်္ဂြိုဟ်ပွဲသို့ လူတိုင်းဝင်ရောက်နိုင်ခြင်း မရှိခဲ့ပါ။,ဗြိတိသျှဗုဒ္ဓဘာသာကျောင်း၏ ဗဟိုဌာနချုပ်တွင် ဗြိတိသျှဗုဒ္ဓဘာသာကျောင်းနှင့် ဗြိတိသျှဗုဒ္ဓဘာသာကျောင်းတို့၏ ဗဟိုဌာနချုပ်တွင် ဗြိတိသျှဗုဒ္ဓဘာသာကျောင်းနှင့် ဗြိတိသျှဗုဒ္ဓဘာသာကျောင်းတို့၏ ,ရှိနေသောလူအရေအတွက်မှာ အလွန်များပြားသောကြောင့် St. Peter ရင်ပြင်ရှိ နာရေးသို့ လူတိုင်းရောက်ရှိနိုင်ရန်မှာ မဖြစ်နိုင်ခဲ့ပါ။
E-q4-emb8,mya_Mymr,78,rep,အမေရိကန်သမ္မတ ဂျိုးဘော့ဘ် က အဆိုပြုချက်ကို ကြိုဆိုခဲ့သည်။,အမေရိကန်သမ္မတ ဂျော့ခ်ျ ဒီ. ဘျူဆော့်က ကြေညာချက်ကို ကြိုဆိုခဲ့သည်။,အမေရိကန်ပြည်ထောင်စု သမ္မတ ဂျီရောဂျီဒဘလူဘက်ဟ် က ကြေညာချက်ကို ကြိုဆိုထောက်ခံသည်။
E-q4-emb8,mya_Mymr,80,drift,အက်တလစ်သဘာဝဘေးအန္တရာယ်ရာသီ၏ ဒသမအမည်ပေးထားသော မုန်တိုင်း၊ အလယ်ပိုင်းအပူပိုင်းမုန်တိုင်း ဂျေရီသည် ယနေ့ အက်တလစ်အော်ဂဲနစ်တွင် ဖြစ်ပေါ်ခဲ့သည်။,"Atlantik uragân sezoni 10. izo, Subtropikal uragân Jerry, atlantik urun da sortu da.",အတ္တလန္တိတ်သမုဒ္ဒရာ ဟာရီကိန်းမုန်တိုင်းရာသီ၏ ဆယ်ခုမြောက်ဖြစ်သော ဂျယ်ရီ ဟုအမည်ပေးထားသည့် အပူလျော့ပိုင်းမုန်တိုင်းသည် ယနေ့တွင် အတ္တလန္တိတ် သမုဒ္ဒရာအတွင်း၌ ဖြစ်ပေါ်လာခဲ့ပါသည်။
E-q4-emb8,mya_Mymr,83,drift,ကွတ်ရီနာမုန်တိုင်းအတွင်း ၂၀ ပေအထိ ရေလွှမ်းမိုးခဲ့သော ၉ ခုမြောက် ရပ်ကွက်သည် အနီးရှိ ရေမြောင်းများ ရေလွှမ်းမိုးမှုကြောင့် လက်ရှိတွင် ခါးအထိ ရေလွှမ်းမိုးနေပါသည်။,"The Ninth Ward, which saw flooding as high as 20 feet during Hurricane Katrina, is currently in waist- high water as the nearby levee was overtopped.",ဟာရီကိန်းမုန်တိုင်း ကရီန ဖြစ်နေစဉ်အတွင်း ပေ ၂၀ အထိမြင့်တက်လာသော ရေကြီးခြင်းကို တွေ့ခဲ့ရသည့်  Ninth Wardသည် လက်ရှိတွင် အနီးအနားရှိ ရေကာတာ၌ ရေများလွန်ကဲနေသောကြောင့် ခါးအထိမြင့်တက်လာသ
E-q4-emb8,mya_Mymr,89,drift,ဂလက်ဆီရဲ့ အမှောင်ဒြပ်ထုနဲ့ မီးခိုးရောင်လမ်း၏ အမှောင်ဒြပ်ထုကြားက လှိုင်းစီးအားတွေကြောင့် အဖွဲ့လိုက် ရှာဖွေနေတဲ့ အကျိုးသက်ရောက်မှုကို ဖြစ်စေလိမ့်မယ်။,ပါတီလုပ်ဆောင်နေသော အကျိုးသက်ရောက်မှုသည် ဂလက်ဆီရဲ့ အမှောင်အရာ (dark matter) နှင့် မီးမောင်းဂလက်ဆီ (Milky Way) ရဲ့ အမှောင်အရာ (dark matter) တို့ကြား ရေလှိုင်းအားများ (tidal forces) က,အဖွဲ့မှ ရှာဖွေနေသည့် သက်ရောက်မှုသည် နဂါးငွေ့တန်း၏ အမှုန်အမွှားများနှင့် မစ်ကီဝေးကြယ်စု၏ အမှုန်အမွှားများကြားရှိ အတက်အကျဖြစ်သောအားကြောင့် ဖြစ်ပေါ်လာသည့် လှိုင်းအားဖြစ်နိုင်ပါသည်။
E-q4-emb8,mya_Mymr,97,drift,ဒေါက်တာ တိုနီ မော်လ်သည် ကွါဇူလီ-နတောဒေသတွင် အလွန်အမင်း ဆေးဝါးခံနိုင်ရည်ရှိသော အသက်ရှူလမ်းကြောင်းဆိုင်ရာ ရောဂါ (XDR-TB) ကို ရှာဖွေတွေ့ရှိခဲ့သည်။,ဒေါက်တာတွန် မော်လ်လ် (Dr. Tony Moll) သည် ကွါဇူလီ-နတောဒေသ (KwaZulu-Natal region) တွင် အလွန်အကျွံ ဆေးဝါးကို ခံနိုင်သော (Extremely Drug Resistant Tuberculosis - XDR- TB) ရောဂါကို ရှာဖ,ဒေါက်တာ တိုနီမော်လ် သည် ဆေးအလွန်ယဉ်ပါးသည့် အဆုတ်ရောင် တီဘီ (XDR-TB) ရောဂါကို တောင်အာဖရိက ကွာဇူလူ-နေတယ်လ် ဒေသတွင် တွေ့ရှိခဲ့သည်။
E-q4-emb8,mya_Mymr,122,rep,ဖြစ်စဉ်ဖြစ်ပြီးနောက် ဂျီးဘင်ကို ဆေးရုံသို့ သယ်ဆောင်သွားခဲ့သော်လည်း မကြာမီကွယ်လွန်ခဲ့သည်။,ဖြစ်စဉ်ဖြစ်ပြီးနောက် ဂျစ်ဘင်ကို ဆေးရုံသို့ သယ်ဆောင်သွားခဲ့သော်လည်း ချက်ချင်းပဲ ကွယ်လွန်ခဲ့သည်။,မတော်တဆမှုဖြစ်ပွားပြီးနောက် ဂစ်ဆင်ကို ဆေးရုံသို့ ပို့ဆောင်ခဲ့သော်လည်း များမကြာမီတွင် သေဆုံးသွားခဲ့သည်။
E-q4-emb8,mya_Mymr,128,rep,ဂေဟဗေဒပြောင်းလဲမှုကြောင့် ထိခိုက်ခံစားရသော နိုင်ငံများအား ရင်ဆိုင်နိုင်ရန် ကူညီရန် အမေရိကန်အဖွဲ့အစည်းအကြီး (UN) မှ ငွေကြေးအရင်းအမြစ်ကို အဆုံးသတ်ရန် မျှော်လင့်ထားသည်။,ဂလိုဘယ်ပူပြင်းမှုကြောင့် ထိခိုက်ခံစားရသော နိုင်ငံများအား ကိုင်တွယ်ဖြေရှင်းနိုင်ရန် ကမ္ဘာ့ပူပြင်းမှုဆိုင်ရာ လွှမ်းမိုးမှုများကို ဖြေရှင်းရန် အကူအညီပေးရန် နိုင်ငံများအား အကူအညီပေးရန်,ယူအင်န်သည် ကမ္ဘာကြီးပူနွေးမှု သက်ရောက်ခြင်းရှိသော နိုင်ငံများကို ထိုသက်ရောက်မှုများကို ရင်ဆိုင်ဖြေရှင်းနိုင်ဖို့ ရန်ပုံငွေ ပံ့ပိုးပေးရန် မျှော်လင့်ထားသည်။
E-q4-emb8,mya_Mymr,138,rep,ဤမြေဆီလွှာသည် သဘာဝတောရိုင်းတိရစ္ဆာန်များ နေထိုင်ရာနေရာများအဖြစ် အသုံးပြုသော သဲသောင်ပြင်များနှင့် ကမ်းခြေများကို ဖန်တီးရန်အတွက် လိုအပ်ခဲ့သည်။,ဒီ သဲမှုန်တွေဟာ သဘာဝပတ်ဝန်းကျင်ကို ထိန်းသိမ်းရာမှာ အရေးကြီးတဲ့ အစိတ်အပိုင်းတစ်ခုဖြစ်ပါတယ်။ သဲမှုန်တွေဟာ သဘာဝပတ်ဝန်းကျင်ကို ထိန်းသိမ်းရာမှာ အရေးကြီးတဲ့ အစိတ်အပိုင်းတစ်ခုဖြစ်ပါတယ်။,တောရိုင်းတိရစ္ဆာန်များ၏ကျက်စားရာနေရာအဖြစ် လုပ်ဆောင်ပေးသော သောင်ခုံများနှင့် ကမ်းခြေများကိုဖန်တီးခြင်းအတွက် ဤနုန်းအနည်အနှစ်များကို လိုအပ်ပါသည်။
E-q4-emb8,mya_Mymr,151,drift,ဟိုတယ်များနှင့် ခရီးသွားလုပ်ငန်းများ ပြန်လည်ဖွင့်လှစ်ရန် အစိုးရ၏ ဆုံးဖြတ်ချက်သည် နိုင်ငံတွင်းရှိ ခရီးသွားလုပ်ငန်းနှင့် ဟိုတယ်လုပ်ငန်းများအတွက် အရေးကြီးသော အခွင့်အလမ်းတစ်ခုဖြစ်သည်။,"""Medecines Sans Frontiere"" အဖွဲ့၏ ပြောရေးဆိုခွင့်ရှိသူ Richard Veerman က ""အင်ဂိုလာသည် ယခင်ကထက် အကြီးမားဆုံး ကူးစက်ရောဂါဖြစ်ပွားမှုကို ရင်ဆိုင်နေရပြီး အင်ဂိုလာတွင် အခြေအနေမှာ အလွန်ဆ","""နယ်စည်းမခြားဆရာဝန်များအဖွဲ့၏ ပြောရေးဆိုခွင့်ရှိသူ ရစ်ချက်ဗားမန်းသည် """"အန်ဂိုလာမှာ သူတို့ရဲ့ အဆိုးရွားဆုံး ကူးစက်မှု ဖြစ်လာတော့မည်ဖြစ်ပြီး အန်ဂိုလာမှာ အခြေအနေ ဆိုးရွားနေဆဲပါ"""" ဟု သ"
E-q4-emb8,mya_Mymr,157,rep,"အင်္ဂလိပ်စကားစုကို မြန်မာဘာသာသို့ ဘာသာပြန်ထားပါသည်။

**မြန်မာဘာသာပြန်ချက်:**
""အင်္ဂါနေ့တွင် ဖြတ်တောက်ရန် စီစဉ်ထားသော်လည်း အရေးပေါ်တရားရုံး၏ ဆုံးဖြတ်ချက်အရ ကယ်တင်ခံရသည်။""

**မှတ်ချက",အင်္ဂါနေ့တွင် ဖြတ်တောက်ရန် စီစဉ်ထားသော်လည်း အရေးပေါ်တရားရုံး၏ ဆုံးဖြတ်ချက်အရ ကယ်တင်ခံရသည်။,အင်္ဂါနေ့တွင် ဖြတ်တောက်ရန် စီစဉ်ထားခဲ့သော်လည်း အရေးပေါ် တရားရေး စည်းမျဉ်းတစ်ခုအရ ထိန်းသိမ်းနိုင်ခဲ့သည်။
E-q4-emb8,mya_Mymr,159,drift,အနီအောက်ရောင်ခြည်ပုံရိပ်များက ညနှင့် နေ့တိုင်း အပူချိန်ပြောင်းလဲမှုများက သူတို့သည် ချောင်းများဖြစ်နိုင်ကြောင်း ပြသသည်။,Infrared images show that the temperature variations from night and day show that they are likely caves.,အနီအောက်ရောင်ခြည်ပုံရိပ်များက နေ့နှင့် ညအချိန်အတွင်း အပူချိန်အပြောင်းအလဲများရှိသည်ကို ဖော်ပြပြီး ၎င်းတို့သည် ဂူများဖြစ်နိုင်ဖွယ်ရှိသည်ဟု ဖော်ပြနေသည်။
E-q4-emb8,mya_Mymr,161,drift,သူတို့၏ အပူချိန်အပြုအမူသည် ကမ္ဘာပေါ်ရှိ ကြီးမားသော ချိုင့်ဝှမ်းများကဲ့သို့ တည်ငြိမ်မှုမရှိသော်လည်း၊ မြေအောက်တွင် နက်ရှိုင်းသော ချိုင့်ဝှမ်းများဖြစ်သည်နှင့်အညီ ဤအရာများသည် ကိုက်ညီသည,"သူတို့၏ အပူဓာတ်အပြုအမူသည် ကမ္ဘာပေါ်ရှိ ကြီးမားသော ချိုင့်ဝှမ်းများကဲ့သို့ တည်ငြိမ်မှုမရှိသော်လည်း၊ မြေအောက်တွင် နက်ရှိုင်းသော ချိုင့်ဝှမ်းများဖြစ်သည်နှင့်လည်း ကိုက်ညီသည်"" ဟု အမေရိက","""၎င်းတို့၏အပူဆိုင်ရာအပြုအမူသည် မျှတသောတည်မြဲသည့်အပူချိန်ကို ထိန်းသိမ်းထားသည့် ကမ္ဘာပေါ်ရှိဂူကြီးများအတိုင်း တည်ငြိမ်မှု မရှိသော်လည်း ၎င်းသည် မြေပြင်ပေါ်ရှိ တွင်းနက်ကြီးများ ဖြစ်နေရ"
E-q4-emb8,mya_Mymr,172,rep,ရှေးဦးတွင် ပြဇာတ်သည် အရှေ့တောင်ဗာဂျီးနီးယားဒေသမှ အမျိုးသားအသံသရုပ်ဆောင်များကို ပါဝင်စေခဲ့သည်။,ဇာတ်ကားသည် မူလတွင် အရှေ့တောင်ဗားရှီးယားဒေသမှ အနုပညာရှင်များ၊ အနုပညာရှင်များ ပါဝင်ခဲ့သည်။,ရှိုးသည် မူရင်းက ဒေသခံမှ အရှေ့တက်ဆက်စ်ထိ အပျော်တမ်းအသံသရုပ်ဆောင်များနှင့် အားဖြည့်ထားခဲ့သည်။
E-q4-emb8,mya_Mymr,177,drift,နောက်ဆုံးရမှတ်သည် တစ်မှတ်သာရှိသော အနိုင်ရမှု၊ ၂၁ မှ ၂၀၊ All Blacks ၏ ၁၅ ပွဲအနိုင်ရမှုကို အဆုံးသတ်ခဲ့သည်။,"The final score was a one-point victory, 21 to 20, ending the All Blacks' 15 game winning streak.",နောက်ဆုံးရမှတ်မှာ ၂၁မှတ် နှင့် ၂၀မှတ် ဖြစ်ကာ တစ်မှတ်ဖြင့အနိုင်ရခဲ့ပြီး All Blacks ၏ ကစားပွဲ ၁၅ ပွဲကို အဆုံးသတ်အနိုင်ရခဲ့သည်။
E-q4-emb8,mya_Mymr,189,rep,"ပြင်သစ်အရုပ်ပြဇာတ်တွင် ကမီယယ် ဆင်တန်ဆန်မှ ရေးသားထားသော ဇာတ်လမ်းသည် ""ဆေးဝါးနှင့် ဂျပန်အပေါ် ချစ်ခင်မှုဖြင့် ဖြတ်သန်းသွားသော အနုပညာရှင်၏ ဘဝ"" ဖြစ်သည်။",ပြင်သစ်အရုပ်ပြဇာတ်တွင် ကမ္ဘာ့အဆင့်မြင့်အရုပ်ပြဇာတ်ဆရာတစ်ဦးဖြစ်သူ ကမ္ဘာ့အဆင့်မြင့်အရုပ်ပြဇာတ်ဆရာ ကမ္ဘာ့အဆင့်မြင့်အရုပ်ပြဇာတ်ဆရာ ကမ္ဘာ့အဆင့်မြင့်အရုပ်ပြဇာတ်ဆရာ ကမ္ဘာ့အဆင့်မြင့်အရုပ်ပ,"""ပြင်သစ်အော်ပရာတွင် ကမ်မီလ် စိန့်ဆင်းစ် တင်ဆက်ခဲ့သော ဇာတ်လမ်းမှာ အနုပညာရှင်တစ်ယောက်၏ """"မူးယစ်ဆေးနှင့် ဂျပန်နိုင်ငံအတွက် ဘဝကို မြှပ်နှံထားခဲ့သူ"""" ဟူ၍ ဖြစ်သည်။"""
E-q4-emb8,mya_Mymr,191,rep,ဟော့်ရုံးအမတ်ဟောင်း နီယွတ် ဂင်ဂရစ်၊ တက္ကဆက်ပြည်နယ်အုပ်ချုပ်ရေးမှူး ရီကီ ပီရာ၊ နှင့် ကွန်ဂရက်အမတ် မီလ်ရှ် ဘက်ဘော့မန်တို့သည် အသီးသီး စတုတ္ထ၊ ပဉ္စမ၊ နှင့် ဆဋ္ဌမ နေရာတွင် ပြီးဆုံးခဲ့သည,ဟော့်အက်စ်ဒီယံရဲ့ ဟော့်အက်စ်ဒီယံရဲ့ ဟော့်အက်စ်ဒီယံရဲ့ ဟော့်အက်စ်ဒီယံရဲ့ ဟော့်အက်စ်ဒီယံရဲ့ ဟော့်အက်စ်ဒီယံရဲ့ ဟော့်အက်စ်ဒီယံရဲ့ ဟော့်အက်စ်ဒီယံရဲ့ ဟော့်အက်စ်ဒီယံရဲ့ ဟော့်အက်စ်ဒီယံရဲ့ ,ယခင်အိမ်ဖြူတော် ပြောရေးဆိုခွင့်ရှိသူ နွက်ဂျင်ဝှစ်ရှီတက်စ်စာအုပ်ချုပ်ရေးမှူး ဝရစ်ခ်ပယ်ရီ နှင့် အထက်လွှတ်တော်အမတ် မီရှဲဘက်ရှ်မန်း တို့က စတုတ္ထ၊ ပဉ္စမနှင့် ဆဌမနေရာ အသီးသီး ရရှိခဲ့သည်။
